timestamp,symbol,event,latency_ms,request_id,stage,exchange_time,broker_latency_ms,total_latency_ms
2025-01-21T20:02:10.252214Z,SYSTEM,authentication,3074.450176,AUTH001,complete
2025-01-21T20:02:18.758256Z,QQQ,wire,5.570816,REQ000001,wire
2025-01-21T20:02:18.760625Z,QQQ,parse,7.93984,REQ000001,parse
2025-01-21T20:02:18.779076Z,QQQ,write,26.39104,REQ000001,write
2025-01-21T20:02:18.780356Z,QQQ,total,27.670784,REQ000001,total
2025-01-21T20:02:18.781506Z,QQQ,broker,28.820992,REQ000001,broker
2025-01-21T20:02:18.783803Z,SPY,wire,0.124928,REQ000002,wire
2025-01-21T20:02:18.784966Z,SPY,parse,1.287936,REQ000002,parse
2025-01-21T20:02:18.786112Z,SPY,write,2.434048,REQ000002,write
2025-01-21T20:02:18.787247Z,SPY,total,3.568896,REQ000002,total
2025-01-21T20:02:18.788363Z,SPY,broker,4.685056,REQ000002,broker
2025-01-21T20:02:19.654437Z,AAPL,wire,0.38016,REQ000003,wire
2025-01-21T20:02:19.656978Z,AAPL,parse,2.92096,REQ000003,parse
2025-01-21T20:02:19.659467Z,AAPL,write,5.410048,REQ000003,write
2025-01-21T20:02:19.662197Z,AAPL,total,8.140032,REQ000003,total
2025-01-21T20:02:19.665064Z,AAPL,broker,11.007232,REQ000003,broker
2025-01-21T20:02:19.670407Z,AAPL,wire,0.310016,REQ000004,wire
2025-01-21T20:02:19.673143Z,AAPL,parse,3.045632,REQ000004,parse
2025-01-21T20:02:19.678489Z,AAPL,write,8.391936,REQ000004,write
2025-01-21T20:02:19.680994Z,AAPL,total,10.896896,REQ000004,total
2025-01-21T20:02:19.683208Z,AAPL,broker,13.110784,REQ000004,broker
2025-01-21T20:02:19.687943Z,QQQ,wire,0.267008,REQ000005,wire
2025-01-21T20:02:19.689911Z,QQQ,parse,2.23488,REQ000005,parse
2025-01-21T20:02:19.692004Z,QQQ,write,4.327936,REQ000005,write
2025-01-21T20:02:19.694251Z,QQQ,total,6.575104,REQ000005,total
2025-01-21T20:02:19.696426Z,QQQ,broker,8.75008,REQ000005,broker
2025-01-21T20:02:20.655331Z,SPY,wire,0.57088,REQ000006,wire
2025-01-21T20:02:20.660074Z,SPY,parse,5.314048,REQ000006,parse
2025-01-21T20:02:20.663639Z,SPY,write,8.879104,REQ000006,write
2025-01-21T20:02:20.665873Z,SPY,total,11.113216,REQ000006,total
2025-01-21T20:02:20.668155Z,SPY,broker,13.394944,REQ000006,broker
2025-01-21T20:02:20.671789Z,QQQ,wire,0.201984,REQ000007,wire
2025-01-21T20:02:20.673821Z,QQQ,parse,2.233856,REQ000007,parse
2025-01-21T20:02:20.675764Z,QQQ,write,4.176896,REQ000007,write
2025-01-21T20:02:20.677725Z,QQQ,total,6.138112,REQ000007,total
2025-01-21T20:02:20.679642Z,QQQ,broker,8.054784,REQ000007,broker
2025-01-21T20:02:21.657115Z,AAPL,wire,0.875008,REQ000008,wire
2025-01-21T20:02:21.661455Z,AAPL,parse,5.214976,REQ000008,parse
2025-01-21T20:02:21.665252Z,AAPL,write,9.012224,REQ000008,write
2025-01-21T20:02:21.668161Z,AAPL,total,11.921152,REQ000008,total
2025-01-21T20:02:21.670858Z,AAPL,broker,14.618112,REQ000008,broker
2025-01-21T20:02:21.677741Z,SPY,wire,0.262144,REQ000009,wire
2025-01-21T20:02:21.680531Z,SPY,parse,3.052032,REQ000009,parse
2025-01-21T20:02:21.683417Z,SPY,write,5.938176,REQ000009,write
2025-01-21T20:02:21.686330Z,SPY,total,8.8512,REQ000009,total
2025-01-21T20:02:21.688796Z,SPY,broker,11.317248,REQ000009,broker
2025-01-21T20:02:21.692909Z,QQQ,wire,0.217088,REQ000010,wire
2025-01-21T20:02:21.695203Z,QQQ,parse,2.511104,REQ000010,parse
2025-01-21T20:02:21.697473Z,QQQ,write,4.781056,REQ000010,write
2025-01-21T20:02:21.699958Z,QQQ,total,7.266048,REQ000010,total
2025-01-21T20:02:21.701962Z,QQQ,broker,9.270016,REQ000010,broker
2025-01-21T20:02:22.656285Z,SPY,wire,1.020928,REQ000011,wire
2025-01-21T20:02:22.660350Z,SPY,parse,5.086208,REQ000011,parse
2025-01-21T20:02:22.664816Z,SPY,write,9.551872,REQ000011,write
2025-01-21T20:02:22.668170Z,SPY,total,12.905984,REQ000011,total
2025-01-21T20:02:22.671357Z,SPY,broker,16.092928,REQ000011,broker
2025-01-21T20:02:22.676519Z,AAPL,wire,0.240896,REQ000012,wire
2025-01-21T20:02:22.679134Z,AAPL,parse,2.855936,REQ000012,parse
2025-01-21T20:02:22.681692Z,AAPL,write,5.413888,REQ000012,write
2025-01-21T20:02:22.684241Z,AAPL,total,7.963136,REQ000012,total
2025-01-21T20:02:22.686666Z,AAPL,broker,10.387968,REQ000012,broker
2025-01-21T20:02:22.690670Z,QQQ,wire,0.20096,REQ000013,wire
2025-01-21T20:02:22.693150Z,QQQ,parse,2.680832,REQ000013,parse
2025-01-21T20:02:22.698014Z,QQQ,write,7.544832,REQ000013,write
2025-01-21T20:02:22.700087Z,QQQ,total,9.61792,REQ000013,total
2025-01-21T20:02:22.702038Z,QQQ,broker,11.568896,REQ000013,broker
2025-01-21T20:02:22.705461Z,SPY,wire,0.176896,REQ000014,wire
2025-01-21T20:02:22.707194Z,SPY,parse,1.910016,REQ000014,parse
2025-01-21T20:02:22.708942Z,SPY,write,3.657728,REQ000014,write
2025-01-21T20:02:22.710805Z,SPY,total,5.520896,REQ000014,total
2025-01-21T20:02:22.712516Z,SPY,broker,7.232,REQ000014,broker
2025-01-21T20:02:23.656836Z,AAPL,wire,1.241088,REQ000015,wire
2025-01-21T20:02:23.662321Z,AAPL,parse,6.726144,REQ000015,parse
2025-01-21T20:02:23.666118Z,AAPL,write,10.52288,REQ000015,write
2025-01-21T20:02:23.668953Z,AAPL,total,13.357824,REQ000015,total
2025-01-21T20:02:23.672325Z,AAPL,broker,16.729856,REQ000015,broker
2025-01-21T20:02:23.677898Z,QQQ,wire,0.262912,REQ000016,wire
2025-01-21T20:02:23.680686Z,QQQ,parse,3.051008,REQ000016,parse
2025-01-21T20:02:23.683316Z,QQQ,write,5.680896,REQ000016,write
2025-01-21T20:02:23.686019Z,QQQ,total,8.383744,REQ000016,total
2025-01-21T20:02:23.688355Z,QQQ,broker,10.72,REQ000016,broker
2025-01-21T20:02:24.656391Z,SPY,wire,0.687872,REQ000017,wire
2025-01-21T20:02:24.661533Z,SPY,parse,5.830144,REQ000017,parse
2025-01-21T20:02:24.664918Z,SPY,write,9.214976,REQ000017,write
2025-01-21T20:02:24.667671Z,SPY,total,11.968,REQ000017,total
2025-01-21T20:02:24.670289Z,SPY,broker,14.586112,REQ000017,broker
2025-01-21T20:02:24.677838Z,AAPL,wire,0.326144,REQ000018,wire
2025-01-21T20:02:24.680804Z,AAPL,parse,3.29216,REQ000018,parse
2025-01-21T20:02:24.683638Z,AAPL,write,6.12608,REQ000018,write
2025-01-21T20:02:24.686223Z,AAPL,total,8.711168,REQ000018,total
2025-01-21T20:02:24.688581Z,AAPL,broker,11.068928,REQ000018,broker
2025-01-21T20:02:24.692542Z,SPY,wire,0.20992,REQ000019,wire
2025-01-21T20:02:24.695058Z,SPY,parse,2.726144,REQ000019,parse
2025-01-21T20:02:24.697558Z,SPY,write,5.225984,REQ000019,write
2025-01-21T20:02:24.699664Z,SPY,total,7.332096,REQ000019,total
2025-01-21T20:02:24.701619Z,SPY,broker,9.286912,REQ000019,broker
2025-01-21T20:02:25.657611Z,QQQ,wire,1.046016,REQ000020,wire
2025-01-21T20:02:25.662573Z,QQQ,parse,6.008064,REQ000020,parse
2025-01-21T20:02:25.666838Z,QQQ,write,10.273024,REQ000020,write
2025-01-21T20:02:25.670119Z,QQQ,total,13.554176,REQ000020,total
2025-01-21T20:02:25.673369Z,QQQ,broker,16.80384,REQ000020,broker
2025-01-21T20:02:25.678332Z,AAPL,wire,0.279296,REQ000021,wire
2025-01-21T20:02:25.681136Z,AAPL,parse,3.083008,REQ000021,parse
2025-01-21T20:02:25.683814Z,AAPL,write,5.76128,REQ000021,write
2025-01-21T20:02:25.686415Z,AAPL,total,8.361984,REQ000021,total
2025-01-21T20:02:25.688706Z,AAPL,broker,10.653184,REQ000021,broker
2025-01-21T20:02:25.692795Z,QQQ,wire,0.217088,REQ000022,wire
2025-01-21T20:02:25.695126Z,QQQ,parse,2.547968,REQ000022,parse
2025-01-21T20:02:25.699751Z,QQQ,write,7.172864,REQ000022,write
2025-01-21T20:02:25.701805Z,QQQ,total,9.227008,REQ000022,total
2025-01-21T20:02:25.703746Z,QQQ,broker,11.168,REQ000022,broker
2025-01-21T20:02:26.656894Z,AAPL,wire,0.871936,REQ000023,wire
2025-01-21T20:02:26.661837Z,AAPL,parse,5.81504,REQ000023,parse
2025-01-21T20:02:26.665222Z,AAPL,write,9.199872,REQ000023,write
2025-01-21T20:02:26.667683Z,AAPL,total,11.6608,REQ000023,total
2025-01-21T20:02:26.669944Z,AAPL,broker,13.922048,REQ000023,broker
2025-01-21T20:02:26.674258Z,SPY,wire,0.238848,REQ000024,wire
2025-01-21T20:02:26.676896Z,SPY,parse,2.876928,REQ000024,parse
2025-01-21T20:02:26.679592Z,SPY,write,5.572864,REQ000024,write
2025-01-21T20:02:26.682224Z,SPY,total,8.205056,REQ000024,total
2025-01-21T20:02:26.684883Z,SPY,broker,10.864128,REQ000024,broker
2025-01-21T20:02:26.689188Z,QQQ,wire,0.242944,REQ000025,wire
2025-01-21T20:02:26.691471Z,QQQ,parse,2.525952,REQ000025,parse
2025-01-21T20:02:26.693867Z,QQQ,write,4.921856,REQ000025,write
2025-01-21T20:02:26.696459Z,QQQ,total,7.513856,REQ000025,total
2025-01-21T20:02:26.698779Z,QQQ,broker,9.833984,REQ000025,broker
2025-01-21T20:02:26.702327Z,SPY,wire,0.18816,REQ000026,wire
2025-01-21T20:02:26.704265Z,SPY,parse,2.126336,REQ000026,parse
2025-01-21T20:02:26.706518Z,SPY,write,4.379136,REQ000026,write
2025-01-21T20:02:26.708382Z,SPY,total,6.243072,REQ000026,total
2025-01-21T20:02:26.714490Z,SPY,broker,12.350976,REQ000026,broker
2025-01-21T20:02:27.655693Z,AAPL,wire,0.647168,REQ000027,wire
2025-01-21T20:02:27.658687Z,AAPL,parse,3.641344,REQ000027,parse
2025-01-21T20:02:27.661856Z,AAPL,write,6.810112,REQ000027,write
2025-01-21T20:02:27.665014Z,AAPL,total,9.968128,REQ000027,total
2025-01-21T20:02:27.667418Z,AAPL,broker,12.372224,REQ000027,broker
2025-01-21T20:02:27.673085Z,SPY,wire,0.204032,REQ000028,wire
2025-01-21T20:02:27.675651Z,SPY,parse,2.770176,REQ000028,parse
2025-01-21T20:02:27.678196Z,SPY,write,5.315072,REQ000028,write
2025-01-21T20:02:27.680362Z,SPY,total,7.481088,REQ000028,total
2025-01-21T20:02:27.682237Z,SPY,broker,9.356032,REQ000028,broker
2025-01-21T20:02:27.686765Z,QQQ,wire,0.557056,REQ000029,wire
2025-01-21T20:02:27.688786Z,QQQ,parse,2.57792,REQ000029,parse
2025-01-21T20:02:27.690701Z,QQQ,write,4.493056,REQ000029,write
2025-01-21T20:02:27.693329Z,QQQ,total,7.121152,REQ000029,total
2025-01-21T20:02:27.695135Z,QQQ,broker,8.927232,REQ000029,broker
2025-01-21T20:02:29.656145Z,AAPL,wire,0.65408,REQ000030,wire
2025-01-21T20:02:29.661702Z,AAPL,parse,6.210816,REQ000030,parse
2025-01-21T20:02:29.666044Z,AAPL,write,10.552832,REQ000030,write
2025-01-21T20:02:29.669446Z,AAPL,total,13.954816,REQ000030,total
2025-01-21T20:02:29.672763Z,AAPL,broker,17.272064,REQ000030,broker
2025-01-21T20:02:29.677748Z,SPY,wire,0.26112,REQ000031,wire
2025-01-21T20:02:29.680492Z,SPY,parse,3.005184,REQ000031,parse
2025-01-21T20:02:29.685972Z,SPY,write,8.48512,REQ000031,write
2025-01-21T20:02:29.688300Z,SPY,total,10.812928,REQ000031,total
2025-01-21T20:02:29.690516Z,SPY,broker,13.02912,REQ000031,broker
2025-01-21T20:02:29.694542Z,AAPL,wire,0.216832,REQ000032,wire
2025-01-21T20:02:29.696678Z,AAPL,parse,2.352896,REQ000032,parse
2025-01-21T20:02:29.698635Z,AAPL,write,4.310016,REQ000032,write
2025-01-21T20:02:29.700604Z,AAPL,total,6.278912,REQ000032,total
2025-01-21T20:02:29.702581Z,AAPL,broker,8.256,REQ000032,broker
2025-01-21T20:02:29.706188Z,QQQ,wire,0.26624,REQ000033,wire
2025-01-21T20:02:29.708167Z,QQQ,parse,2.245376,REQ000033,parse
2025-01-21T20:02:29.710024Z,QQQ,write,4.1024,REQ000033,write
2025-01-21T20:02:29.711787Z,QQQ,total,5.865216,REQ000033,total
2025-01-21T20:02:29.713571Z,QQQ,broker,7.64928,REQ000033,broker
2025-01-21T20:02:30.655390Z,QQQ,wire,0.570112,REQ000034,wire
2025-01-21T20:02:30.660201Z,QQQ,parse,5.38112,REQ000034,parse
2025-01-21T20:02:30.664477Z,QQQ,write,9.657344,REQ000034,write
2025-01-21T20:02:30.668471Z,QQQ,total,13.6512,REQ000034,total
2025-01-21T20:02:30.671829Z,QQQ,broker,17.009152,REQ000034,broker
2025-01-21T20:02:30.677103Z,SPY,wire,0.27904,REQ000035,wire
2025-01-21T20:02:30.680120Z,SPY,parse,3.296,REQ000035,parse
2025-01-21T20:02:30.682824Z,SPY,write,5.999872,REQ000035,write
2025-01-21T20:02:30.685462Z,SPY,total,8.637952,REQ000035,total
2025-01-21T20:02:30.687720Z,SPY,broker,10.895872,REQ000035,broker
2025-01-21T20:02:30.694179Z,AAPL,wire,0.244224,REQ000036,wire
2025-01-21T20:02:30.696303Z,AAPL,parse,2.368,REQ000036,parse
2025-01-21T20:02:30.698249Z,AAPL,write,4.314368,REQ000036,write
2025-01-21T20:02:30.700177Z,AAPL,total,6.242048,REQ000036,total
2025-01-21T20:02:30.702096Z,AAPL,broker,8.161024,REQ000036,broker
2025-01-21T20:02:31.665661Z,QQQ,wire,1.689344,REQ000037,wire
2025-01-21T20:02:31.699441Z,QQQ,parse,35.469056,REQ000037,parse
2025-01-21T20:02:31.741682Z,QQQ,write,77.710336,REQ000037,write
2025-01-21T20:02:31.805922Z,QQQ,total,141.950208,REQ000037,total
2025-01-21T20:02:31.819603Z,QQQ,broker,155.631104,REQ000037,broker
2025-01-21T20:02:31.860398Z,SPY,wire,0.898048,REQ000038,wire
2025-01-21T20:02:31.868095Z,SPY,parse,8.594944,REQ000038,parse
2025-01-21T20:02:31.891981Z,SPY,write,32.480768,REQ000038,write
2025-01-21T20:02:31.904649Z,SPY,total,45.148928,REQ000038,total
2025-01-21T20:02:31.912711Z,SPY,broker,53.21088,REQ000038,broker
2025-01-21T20:02:31.919980Z,AAPL,wire,0.609024,REQ000039,wire
2025-01-21T20:02:31.925207Z,AAPL,parse,5.835776,REQ000039,parse
2025-01-21T20:02:31.929664Z,AAPL,write,10.292992,REQ000039,write
2025-01-21T20:02:31.932916Z,AAPL,total,13.54496,REQ000039,total
2025-01-21T20:02:31.936552Z,AAPL,broker,17.180928,REQ000039,broker
2025-01-21T20:02:31.940473Z,SPY,wire,0.460032,REQ000040,wire
2025-01-21T20:02:31.943030Z,SPY,parse,3.01696,REQ000040,parse
2025-01-21T20:02:31.949377Z,SPY,write,9.363968,REQ000040,write
2025-01-21T20:02:31.952032Z,SPY,total,12.018944,REQ000040,total
2025-01-21T20:02:31.953755Z,SPY,broker,13.741824,REQ000040,broker
2025-01-21T20:02:32.656965Z,AAPL,wire,0.64896,REQ000041,wire
2025-01-21T20:02:32.661351Z,AAPL,parse,5.034752,REQ000041,parse
2025-01-21T20:02:32.665727Z,AAPL,write,9.410816,REQ000041,write
2025-01-21T20:02:32.669057Z,AAPL,total,12.740608,REQ000041,total
2025-01-21T20:02:32.672493Z,AAPL,broker,16.176896,REQ000041,broker
2025-01-21T20:02:32.677529Z,QQQ,wire,0.285184,REQ000042,wire
2025-01-21T20:02:32.680412Z,QQQ,parse,3.168256,REQ000042,parse
2025-01-21T20:02:32.683352Z,QQQ,write,6.10816,REQ000042,write
2025-01-21T20:02:32.686044Z,QQQ,total,8.8,REQ000042,total
2025-01-21T20:02:32.688444Z,QQQ,broker,11.2,REQ000042,broker
2025-01-21T20:02:32.692597Z,QQQ,wire,0.226048,REQ000043,wire
2025-01-21T20:02:32.694864Z,QQQ,parse,2.493184,REQ000043,parse
2025-01-21T20:02:32.697049Z,QQQ,write,4.677888,REQ000043,write
2025-01-21T20:02:32.698982Z,QQQ,total,6.610944,REQ000043,total
2025-01-21T20:02:32.700991Z,QQQ,broker,8.620032,REQ000043,broker
2025-01-21T20:02:33.664982Z,AAPL,wire,0.899072,REQ000044,wire
2025-01-21T20:02:33.670488Z,AAPL,parse,6.40512,REQ000044,parse
2025-01-21T20:02:33.674580Z,AAPL,write,10.49728,REQ000044,write
2025-01-21T20:02:33.678303Z,AAPL,total,14.220032,REQ000044,total
2025-01-21T20:02:33.681620Z,AAPL,broker,17.537024,REQ000044,broker
2025-01-21T20:02:33.689547Z,SPY,wire,0.290048,REQ000045,wire
2025-01-21T20:02:33.692187Z,SPY,parse,2.930176,REQ000045,parse
2025-01-21T20:02:33.694446Z,SPY,write,5.18912,REQ000045,write
2025-01-21T20:02:33.696828Z,SPY,total,7.570944,REQ000045,total
2025-01-21T20:02:33.699062Z,SPY,broker,9.805056,REQ000045,broker
2025-01-21T20:02:33.703020Z,QQQ,wire,0.212992,REQ000046,wire
2025-01-21T20:02:33.705053Z,QQQ,parse,2.246144,REQ000046,parse
2025-01-21T20:02:33.706990Z,QQQ,write,4.18304,REQ000046,write
2025-01-21T20:02:33.708939Z,QQQ,total,6.131968,REQ000046,total
2025-01-21T20:02:33.710869Z,QQQ,broker,8.061952,REQ000046,broker
2025-01-21T20:02:33.714073Z,AAPL,wire,0.151808,REQ000047,wire
2025-01-21T20:02:33.715826Z,AAPL,parse,1.904896,REQ000047,parse
2025-01-21T20:02:33.717571Z,AAPL,write,3.650048,REQ000047,write
2025-01-21T20:02:33.719278Z,AAPL,total,5.357056,REQ000047,total
2025-01-21T20:02:33.720955Z,AAPL,broker,7.033856,REQ000047,broker
2025-01-21T20:02:34.656489Z,SPY,wire,0.742912,REQ000048,wire
2025-01-21T20:02:34.661087Z,SPY,parse,5.340928,REQ000048,parse
2025-01-21T20:02:34.664300Z,SPY,write,8.553984,REQ000048,write
2025-01-21T20:02:34.666162Z,SPY,total,10.415872,REQ000048,total
2025-01-21T20:02:34.667896Z,SPY,broker,12.150016,REQ000048,broker
2025-01-21T20:02:34.671017Z,AAPL,wire,0.164096,REQ000049,wire
2025-01-21T20:02:34.672768Z,AAPL,parse,1.915136,REQ000049,parse
2025-01-21T20:02:34.676846Z,AAPL,write,5.993216,REQ000049,write
2025-01-21T20:02:34.678988Z,AAPL,total,8.135168,REQ000049,total
2025-01-21T20:02:34.680989Z,AAPL,broker,10.136064,REQ000049,broker
2025-01-21T20:02:35.657415Z,SPY,wire,0.678912,REQ000050,wire
2025-01-21T20:02:35.663962Z,SPY,parse,7.225856,REQ000050,parse
2025-01-21T20:02:35.668718Z,SPY,write,11.98208,REQ000050,write
2025-01-21T20:02:35.670401Z,SPY,total,13.665024,REQ000050,total
2025-01-21T20:02:35.671736Z,SPY,broker,15.000064,REQ000050,broker
2025-01-21T20:02:35.674148Z,QQQ,wire,0.130304,REQ000051,wire
2025-01-21T20:02:35.675675Z,QQQ,parse,1.657088,REQ000051,parse
2025-01-21T20:02:35.677062Z,QQQ,write,3.044352,REQ000051,write
2025-01-21T20:02:35.678434Z,QQQ,total,4.416,REQ000051,total
2025-01-21T20:02:35.679850Z,QQQ,broker,5.832192,REQ000051,broker
2025-01-21T20:02:35.682673Z,QQQ,wire,0.175872,REQ000052,wire
2025-01-21T20:02:35.684182Z,QQQ,parse,1.684992,REQ000052,parse
2025-01-21T20:02:35.685730Z,QQQ,write,3.233024,REQ000052,write
2025-01-21T20:02:35.687507Z,QQQ,total,5.00992,REQ000052,total
2025-01-21T20:02:35.689331Z,QQQ,broker,6.83392,REQ000052,broker
2025-01-21T20:02:36.656639Z,SPY,wire,0.593152,REQ000053,wire
2025-01-21T20:02:36.661208Z,SPY,parse,5.161984,REQ000053,parse
2025-01-21T20:02:36.665312Z,SPY,write,9.266176,REQ000053,write
2025-01-21T20:02:36.669483Z,SPY,total,13.437184,REQ000053,total
2025-01-21T20:02:36.673051Z,SPY,broker,17.005312,REQ000053,broker
2025-01-21T20:02:36.681681Z,AAPL,wire,0.294912,REQ000054,wire
2025-01-21T20:02:36.684659Z,AAPL,parse,3.27296,REQ000054,parse
2025-01-21T20:02:36.687194Z,AAPL,write,5.808128,REQ000054,write
2025-01-21T20:02:36.689485Z,AAPL,total,8.099072,REQ000054,total
2025-01-21T20:02:36.691788Z,AAPL,broker,10.402048,REQ000054,broker
2025-01-21T20:02:36.695898Z,QQQ,wire,0.214272,REQ000055,wire
2025-01-21T20:02:36.697978Z,QQQ,parse,2.294272,REQ000055,parse
2025-01-21T20:02:36.699910Z,QQQ,write,4.226048,REQ000055,write
2025-01-21T20:02:36.701842Z,QQQ,total,6.158336,REQ000055,total
2025-01-21T20:02:36.703744Z,QQQ,broker,8.06016,REQ000055,broker
2025-01-21T20:02:36.707510Z,AAPL,wire,0.435968,REQ000056,wire
2025-01-21T20:02:36.709302Z,AAPL,parse,2.227968,REQ000056,parse
2025-01-21T20:02:36.711076Z,AAPL,write,4.002048,REQ000056,write
2025-01-21T20:02:36.712927Z,AAPL,total,5.852928,REQ000056,total
2025-01-21T20:02:36.714614Z,AAPL,broker,7.539968,REQ000056,broker
2025-01-21T20:02:38.656479Z,SPY,wire,0.590848,REQ000057,wire
2025-01-21T20:02:38.661126Z,SPY,parse,5.23776,REQ000057,parse
2025-01-21T20:02:38.664666Z,SPY,write,8.777728,REQ000057,write
2025-01-21T20:02:38.667286Z,SPY,total,11.397888,REQ000057,total
2025-01-21T20:02:38.669385Z,SPY,broker,13.496832,REQ000057,broker
2025-01-21T20:02:38.673182Z,QQQ,wire,0.260096,REQ000058,wire
2025-01-21T20:02:38.675269Z,QQQ,parse,2.347008,REQ000058,parse
2025-01-21T20:02:38.679413Z,QQQ,write,6.491136,REQ000058,write
2025-01-21T20:02:38.681415Z,QQQ,total,8.493312,REQ000058,total
2025-01-21T20:02:38.683467Z,QQQ,broker,10.545152,REQ000058,broker
2025-01-21T20:02:38.687473Z,SPY,wire,0.263168,REQ000059,wire
2025-01-21T20:02:38.689776Z,SPY,parse,2.565888,REQ000059,parse
2025-01-21T20:02:38.692039Z,SPY,write,4.828928,REQ000059,write
2025-01-21T20:02:38.694627Z,SPY,total,7.417088,REQ000059,total
2025-01-21T20:02:38.696921Z,SPY,broker,9.711104,REQ000059,broker
2025-01-21T20:02:38.700568Z,AAPL,wire,0.208896,REQ000060,wire
2025-01-21T20:02:38.702534Z,AAPL,parse,2.17472,REQ000060,parse
2025-01-21T20:02:38.704562Z,AAPL,write,4.202752,REQ000060,write
2025-01-21T20:02:38.706535Z,AAPL,total,6.176,REQ000060,total
2025-01-21T20:02:38.708377Z,AAPL,broker,8.017664,REQ000060,broker
2025-01-21T20:02:38.711823Z,SPY,wire,0.199168,REQ000061,wire
2025-01-21T20:02:38.713613Z,SPY,parse,1.98912,REQ000061,parse
2025-01-21T20:02:38.715374Z,SPY,write,3.750144,REQ000061,write
2025-01-21T20:02:38.717470Z,SPY,total,5.846016,REQ000061,total
2025-01-21T20:02:38.719007Z,SPY,broker,7.38304,REQ000061,broker
2025-01-21T20:02:39.656824Z,QQQ,wire,0.779008,REQ000062,wire
2025-01-21T20:02:39.661545Z,QQQ,parse,5.499904,REQ000062,parse
2025-01-21T20:02:39.665451Z,QQQ,write,9.405952,REQ000062,write
2025-01-21T20:02:39.668682Z,QQQ,total,12.636928,REQ000062,total
2025-01-21T20:02:39.675614Z,QQQ,broker,19.569152,REQ000062,broker
2025-01-21T20:02:39.681004Z,AAPL,wire,0.30208,REQ000063,wire
2025-01-21T20:02:39.683705Z,AAPL,parse,3.003136,REQ000063,parse
2025-01-21T20:02:39.686306Z,AAPL,write,5.604096,REQ000063,write
2025-01-21T20:02:39.688547Z,AAPL,total,7.844864,REQ000063,total
2025-01-21T20:02:39.691136Z,AAPL,broker,10.434048,REQ000063,broker
2025-01-21T20:02:39.695414Z,QQQ,wire,0.236032,REQ000064,wire
2025-01-21T20:02:39.697438Z,QQQ,parse,2.259968,REQ000064,parse
2025-01-21T20:02:39.699362Z,QQQ,write,4.184064,REQ000064,write
2025-01-21T20:02:39.701293Z,QQQ,total,6.115072,REQ000064,total
2025-01-21T20:02:39.703196Z,QQQ,broker,8.018176,REQ000064,broker
2025-01-21T20:02:40.657192Z,SPY,wire,0.83072,REQ000065,wire
2025-01-21T20:02:40.662244Z,SPY,parse,5.88288,REQ000065,parse
2025-01-21T20:02:40.665650Z,SPY,write,9.288704,REQ000065,write
2025-01-21T20:02:40.668878Z,SPY,total,12.516864,REQ000065,total
2025-01-21T20:02:40.671709Z,SPY,broker,15.347968,REQ000065,broker
2025-01-21T20:02:40.676624Z,AAPL,wire,0.250112,REQ000066,wire
2025-01-21T20:02:40.679394Z,AAPL,parse,3.020032,REQ000066,parse
2025-01-21T20:02:40.682047Z,AAPL,write,5.67296,REQ000066,write
2025-01-21T20:02:40.684765Z,AAPL,total,8.391168,REQ000066,total
2025-01-21T20:02:40.687388Z,AAPL,broker,11.013888,REQ000066,broker
2025-01-21T20:02:40.692026Z,QQQ,wire,0.261632,REQ000067,wire
2025-01-21T20:02:40.696992Z,QQQ,parse,5.227776,REQ000067,parse
2025-01-21T20:02:40.699556Z,QQQ,write,7.791872,REQ000067,write
2025-01-21T20:02:40.701646Z,QQQ,total,9.881856,REQ000067,total
2025-01-21T20:02:40.703638Z,QQQ,broker,11.873792,REQ000067,broker
2025-01-21T20:02:41.656067Z,AAPL,wire,0.578816,REQ000068,wire
2025-01-21T20:02:41.660374Z,AAPL,parse,4.886016,REQ000068,parse
2025-01-21T20:02:41.665149Z,AAPL,write,9.660928,REQ000068,write
2025-01-21T20:02:41.668402Z,AAPL,total,12.91392,REQ000068,total
2025-01-21T20:02:41.671140Z,AAPL,broker,15.65184,REQ000068,broker
2025-01-21T20:02:41.675877Z,SPY,wire,0.255232,REQ000069,wire
2025-01-21T20:02:41.678368Z,SPY,parse,2.746112,REQ000069,parse
2025-01-21T20:02:41.680599Z,SPY,write,4.977152,REQ000069,write
2025-01-21T20:02:41.682782Z,SPY,total,7.160064,REQ000069,total
2025-01-21T20:02:41.685073Z,SPY,broker,9.451008,REQ000069,broker
2025-01-21T20:02:42.655330Z,AAPL,wire,0.547072,REQ000070,wire
2025-01-21T20:02:42.659879Z,AAPL,parse,5.095936,REQ000070,parse
2025-01-21T20:02:42.663606Z,AAPL,write,8.82304,REQ000070,write
2025-01-21T20:02:42.667066Z,AAPL,total,12.283136,REQ000070,total
2025-01-21T20:02:42.670868Z,AAPL,broker,16.084992,REQ000070,broker
2025-01-21T20:02:42.677472Z,SPY,wire,0.431872,REQ000071,wire
2025-01-21T20:02:42.681083Z,SPY,parse,4.042752,REQ000071,parse
2025-01-21T20:02:42.685466Z,SPY,write,8.425984,REQ000071,write
2025-01-21T20:02:42.688451Z,SPY,total,11.410944,REQ000071,total
2025-01-21T20:02:42.693853Z,SPY,broker,16.8128,REQ000071,broker
2025-01-21T20:02:42.697639Z,QQQ,wire,0.238848,REQ000072,wire
2025-01-21T20:02:42.699691Z,QQQ,parse,2.290944,REQ000072,parse
2025-01-21T20:02:42.701850Z,QQQ,write,4.449792,REQ000072,write
2025-01-21T20:02:42.704290Z,QQQ,total,6.889728,REQ000072,total
2025-01-21T20:02:42.706833Z,QQQ,broker,9.432832,REQ000072,broker
2025-01-21T20:02:42.710533Z,QQQ,wire,0.196864,REQ000073,wire
2025-01-21T20:02:42.712334Z,QQQ,parse,1.997824,REQ000073,parse
2025-01-21T20:02:42.714215Z,QQQ,write,3.879168,REQ000073,write
2025-01-21T20:02:42.716241Z,QQQ,total,5.904896,REQ000073,total
2025-01-21T20:02:42.717951Z,QQQ,broker,7.614976,REQ000073,broker
2025-01-21T20:02:43.655825Z,SPY,wire,0.745984,REQ000074,wire
2025-01-21T20:02:43.660639Z,SPY,parse,5.560064,REQ000074,parse
2025-01-21T20:02:43.664090Z,SPY,write,9.010944,REQ000074,write
2025-01-21T20:02:43.665420Z,SPY,total,10.34112,REQ000074,total
2025-01-21T20:02:43.666601Z,SPY,broker,11.522048,REQ000074,broker
2025-01-21T20:02:43.669059Z,AAPL,wire,0.225024,REQ000075,wire
2025-01-21T20:02:43.670357Z,AAPL,parse,1.522944,REQ000075,parse
2025-01-21T20:02:43.671479Z,AAPL,write,2.644992,REQ000075,write
2025-01-21T20:02:43.672578Z,AAPL,total,3.744,REQ000075,total
2025-01-21T20:02:43.673670Z,AAPL,broker,4.836096,REQ000075,broker
2025-01-21T20:02:43.675656Z,SPY,wire,0.135168,REQ000076,wire
2025-01-21T20:02:43.678653Z,SPY,parse,3.131904,REQ000076,parse
2025-01-21T20:02:43.679750Z,SPY,write,4.228864,REQ000076,write
2025-01-21T20:02:43.680879Z,SPY,total,5.35808,REQ000076,total
2025-01-21T20:02:43.681948Z,SPY,broker,6.42688,REQ000076,broker
2025-01-21T20:02:44.655639Z,QQQ,wire,0.62208,REQ000077,wire
2025-01-21T20:02:44.660966Z,QQQ,parse,5.948928,REQ000077,parse
2025-01-21T20:02:44.664975Z,QQQ,write,9.957888,REQ000077,write
2025-01-21T20:02:44.667763Z,QQQ,total,12.745984,REQ000077,total
2025-01-21T20:02:44.670226Z,QQQ,broker,15.209216,REQ000077,broker
2025-01-21T20:02:44.675395Z,AAPL,wire,0.384256,REQ000078,wire
2025-01-21T20:02:44.678567Z,AAPL,parse,3.556096,REQ000078,parse
2025-01-21T20:02:44.681709Z,AAPL,write,6.69824,REQ000078,write
2025-01-21T20:02:44.685022Z,AAPL,total,10.011392,REQ000078,total
2025-01-21T20:02:44.687860Z,AAPL,broker,12.849152,REQ000078,broker
2025-01-21T20:02:44.696781Z,AAPL,wire,3.479808,REQ000079,wire
2025-01-21T20:02:44.702665Z,AAPL,parse,9.364224,REQ000079,parse
2025-01-21T20:02:44.705399Z,AAPL,write,12.098048,REQ000079,write
2025-01-21T20:02:44.707730Z,AAPL,total,14.429184,REQ000079,total
2025-01-21T20:02:44.709896Z,AAPL,broker,16.5952,REQ000079,broker
2025-01-21T20:02:45.660354Z,SPY,wire,1.115648,REQ000080,wire
2025-01-21T20:02:45.667462Z,SPY,parse,8.224,REQ000080,parse
2025-01-21T20:02:45.670513Z,SPY,write,11.274752,REQ000080,write
2025-01-21T20:02:45.676484Z,SPY,total,17.245952,REQ000080,total
2025-01-21T20:02:45.678322Z,SPY,broker,19.084032,REQ000080,broker
2025-01-21T20:02:45.681802Z,QQQ,wire,0.236032,REQ000081,wire
2025-01-21T20:02:45.683629Z,QQQ,parse,2.063104,REQ000081,parse
2025-01-21T20:02:45.685472Z,QQQ,write,3.906048,REQ000081,write
2025-01-21T20:02:45.687340Z,QQQ,total,5.77408,REQ000081,total
2025-01-21T20:02:45.689110Z,QQQ,broker,7.544064,REQ000081,broker
2025-01-21T20:02:45.692844Z,SPY,wire,0.263168,REQ000082,wire
2025-01-21T20:02:45.694801Z,SPY,parse,2.220288,REQ000082,parse
2025-01-21T20:02:45.696901Z,SPY,write,4.320256,REQ000082,write
2025-01-21T20:02:45.698898Z,SPY,total,6.317312,REQ000082,total
2025-01-21T20:02:45.700833Z,SPY,broker,8.25216,REQ000082,broker
2025-01-21T20:02:45.704471Z,QQQ,wire,0.229888,REQ000083,wire
2025-01-21T20:02:45.706426Z,QQQ,parse,2.184704,REQ000083,parse
2025-01-21T20:02:45.708556Z,QQQ,write,4.31488,REQ000083,write
2025-01-21T20:02:45.710369Z,QQQ,total,6.127872,REQ000083,total
2025-01-21T20:02:45.712120Z,QQQ,broker,7.878912,REQ000083,broker
2025-01-21T20:02:46.656167Z,AAPL,wire,0.688896,REQ000084,wire
2025-01-21T20:02:46.660535Z,AAPL,parse,5.057024,REQ000084,parse
2025-01-21T20:02:46.664087Z,AAPL,write,8.609024,REQ000084,write
2025-01-21T20:02:46.666628Z,AAPL,total,11.149824,REQ000084,total
2025-01-21T20:02:46.668911Z,AAPL,broker,13.433088,REQ000084,broker
2025-01-21T20:02:46.675678Z,QQQ,wire,0.330752,REQ000085,wire
2025-01-21T20:02:46.678775Z,QQQ,parse,3.42784,REQ000085,parse
2025-01-21T20:02:46.681475Z,QQQ,write,6.127616,REQ000085,write
2025-01-21T20:02:46.684449Z,QQQ,total,9.101824,REQ000085,total
2025-01-21T20:02:46.687286Z,QQQ,broker,11.938816,REQ000085,broker
2025-01-21T20:02:46.691774Z,AAPL,wire,0.280832,REQ000086,wire
2025-01-21T20:02:46.694303Z,AAPL,parse,2.809856,REQ000086,parse
2025-01-21T20:02:46.697074Z,AAPL,write,5.5808,REQ000086,write
2025-01-21T20:02:46.699090Z,AAPL,total,7.5968,REQ000086,total
2025-01-21T20:02:46.701042Z,AAPL,broker,9.5488,REQ000086,broker
2025-01-21T20:02:48.656033Z,SPY,wire,0.836096,REQ000087,wire
2025-01-21T20:02:48.660636Z,SPY,parse,5.438976,REQ000087,parse
2025-01-21T20:02:48.664156Z,SPY,write,8.958976,REQ000087,write
2025-01-21T20:02:48.666361Z,SPY,total,11.16416,REQ000087,total
2025-01-21T20:02:48.668250Z,SPY,broker,13.053184,REQ000087,broker
2025-01-21T20:02:48.671425Z,QQQ,wire,0.22912,REQ000088,wire
2025-01-21T20:02:48.673454Z,QQQ,parse,2.258176,REQ000088,parse
2025-01-21T20:02:48.675205Z,QQQ,write,4.009216,REQ000088,write
2025-01-21T20:02:48.676983Z,QQQ,total,5.787136,REQ000088,total
2025-01-21T20:02:48.678826Z,QQQ,broker,7.63008,REQ000088,broker
2025-01-21T20:02:48.682188Z,AAPL,wire,0.225024,REQ000089,wire
2025-01-21T20:02:48.684260Z,AAPL,parse,2.296832,REQ000089,parse
2025-01-21T20:02:48.688493Z,AAPL,write,6.530048,REQ000089,write
2025-01-21T20:02:48.690613Z,AAPL,total,8.649984,REQ000089,total
2025-01-21T20:02:48.692579Z,AAPL,broker,10.616064,REQ000089,broker
2025-01-21T20:02:48.696285Z,SPY,wire,0.195072,REQ000090,wire
2025-01-21T20:02:48.698239Z,SPY,parse,2.14912,REQ000090,parse
2025-01-21T20:02:48.700323Z,SPY,write,4.233216,REQ000090,write
2025-01-21T20:02:48.702315Z,SPY,total,6.225152,REQ000090,total
2025-01-21T20:02:48.704402Z,SPY,broker,8.312064,REQ000090,broker
2025-01-21T20:02:49.656397Z,AAPL,wire,0.518144,REQ000091,wire
2025-01-21T20:02:49.660578Z,AAPL,parse,4.699136,REQ000091,parse
2025-01-21T20:02:49.664127Z,AAPL,write,8.24832,REQ000091,write
2025-01-21T20:02:49.666560Z,AAPL,total,10.681088,REQ000091,total
2025-01-21T20:02:49.668812Z,AAPL,broker,12.93312,REQ000091,broker
2025-01-21T20:02:49.673263Z,SPY,wire,0.265984,REQ000092,wire
2025-01-21T20:02:49.675745Z,SPY,parse,2.747904,REQ000092,parse
2025-01-21T20:02:49.678336Z,SPY,write,5.33888,REQ000092,write
2025-01-21T20:02:49.681259Z,SPY,total,8.261888,REQ000092,total
2025-01-21T20:02:49.683949Z,SPY,broker,10.951936,REQ000092,broker
2025-01-21T20:02:49.688383Z,QQQ,wire,0.243968,REQ000093,wire
2025-01-21T20:02:49.690752Z,QQQ,parse,2.612992,REQ000093,parse
2025-01-21T20:02:49.693116Z,QQQ,write,4.976896,REQ000093,write
2025-01-21T20:02:49.695352Z,QQQ,total,7.213056,REQ000093,total
2025-01-21T20:02:49.699471Z,QQQ,broker,11.332096,REQ000093,broker
2025-01-21T20:02:49.703478Z,QQQ,wire,0.235008,REQ000094,wire
2025-01-21T20:02:49.705437Z,QQQ,parse,2.19392,REQ000094,parse
2025-01-21T20:02:49.707197Z,QQQ,write,3.95392,REQ000094,write
2025-01-21T20:02:49.708884Z,QQQ,total,5.64096,REQ000094,total
2025-01-21T20:02:49.710567Z,QQQ,broker,7.323904,REQ000094,broker
2025-01-21T20:02:49.713771Z,AAPL,wire,0.239872,REQ000095,wire
2025-01-21T20:02:49.715472Z,AAPL,parse,1.940736,REQ000095,parse
2025-01-21T20:02:49.717044Z,AAPL,write,3.513088,REQ000095,write
2025-01-21T20:02:49.718683Z,AAPL,total,5.151744,REQ000095,total
2025-01-21T20:02:49.720243Z,AAPL,broker,6.711808,REQ000095,broker
2025-01-21T20:02:50.657480Z,SPY,wire,1.234944,REQ000096,wire
2025-01-21T20:02:50.663784Z,SPY,parse,7.538944,REQ000096,parse
2025-01-21T20:02:50.669044Z,SPY,write,12.798976,REQ000096,write
2025-01-21T20:02:50.671086Z,SPY,total,14.841088,REQ000096,total
2025-01-21T20:02:50.672685Z,SPY,broker,16.439808,REQ000096,broker
2025-01-21T20:02:50.675602Z,QQQ,wire,0.202752,REQ000097,wire
2025-01-21T20:02:50.677252Z,QQQ,parse,1.852928,REQ000097,parse
2025-01-21T20:02:50.678833Z,QQQ,write,3.433728,REQ000097,write
2025-01-21T20:02:50.680360Z,QQQ,total,4.961024,REQ000097,total
2025-01-21T20:02:50.682306Z,QQQ,broker,6.90688,REQ000097,broker
2025-01-21T20:02:51.656062Z,AAPL,wire,0.844032,REQ000098,wire
2025-01-21T20:02:51.664442Z,AAPL,parse,9.224192,REQ000098,parse
2025-01-21T20:02:51.666670Z,AAPL,write,11.45216,REQ000098,write
2025-01-21T20:02:51.668622Z,AAPL,total,13.40416,REQ000098,total
2025-01-21T20:02:51.670798Z,AAPL,broker,15.58016,REQ000098,broker
2025-01-21T20:02:51.674150Z,SPY,wire,0.210944,REQ000099,wire
2025-01-21T20:02:51.675929Z,SPY,parse,1.990144,REQ000099,parse
2025-01-21T20:02:51.677682Z,SPY,write,3.742976,REQ000099,write
2025-01-21T20:02:51.679378Z,SPY,total,5.438976,REQ000099,total
2025-01-21T20:02:51.681086Z,SPY,broker,7.147008,REQ000099,broker
2025-01-21T20:02:51.683876Z,QQQ,wire,0.158976,REQ000100,wire
2025-01-21T20:02:51.685409Z,QQQ,parse,1.691904,REQ000100,parse
2025-01-21T20:02:51.686896Z,QQQ,write,3.179008,REQ000100,write
2025-01-21T20:02:51.688406Z,QQQ,total,4.688896,REQ000100,total
2025-01-21T20:02:51.689896Z,QQQ,broker,6.179072,REQ000100,broker
2025-01-21T20:02:52.659215Z,SPY,wire,0.793856,REQ000101,wire
2025-01-21T20:02:52.663910Z,SPY,parse,5.488896,REQ000101,parse
2025-01-21T20:02:52.668244Z,SPY,write,9.822976,REQ000101,write
2025-01-21T20:02:52.671674Z,SPY,total,13.25312,REQ000101,total
2025-01-21T20:02:52.675186Z,SPY,broker,16.764928,REQ000101,broker
2025-01-21T20:02:52.680682Z,AAPL,wire,0.331008,REQ000102,wire
2025-01-21T20:02:52.683431Z,AAPL,parse,3.079936,REQ000102,parse
2025-01-21T20:02:52.686030Z,AAPL,write,5.678848,REQ000102,write
2025-01-21T20:02:52.690834Z,AAPL,total,10.482944,REQ000102,total
2025-01-21T20:02:52.693099Z,AAPL,broker,12.748032,REQ000102,broker
2025-01-21T20:02:52.697094Z,QQQ,wire,0.265984,REQ000103,wire
2025-01-21T20:02:52.699194Z,QQQ,parse,2.365952,REQ000103,parse
2025-01-21T20:02:52.701104Z,QQQ,write,4.275968,REQ000103,write
2025-01-21T20:02:52.703043Z,QQQ,total,6.215168,REQ000103,total
2025-01-21T20:02:52.704980Z,QQQ,broker,8.152064,REQ000103,broker
2025-01-21T20:02:53.656122Z,AAPL,wire,0.580864,REQ000104,wire
2025-01-21T20:02:53.660447Z,AAPL,parse,4.905984,REQ000104,parse
2025-01-21T20:02:53.665015Z,AAPL,write,9.474048,REQ000104,write
2025-01-21T20:02:53.668911Z,AAPL,total,13.370112,REQ000104,total
2025-01-21T20:02:53.672313Z,AAPL,broker,16.772096,REQ000104,broker
2025-01-21T20:02:53.677476Z,SPY,wire,0.417024,REQ000105,wire
2025-01-21T20:02:53.680337Z,SPY,parse,3.27808,REQ000105,parse
2025-01-21T20:02:53.683182Z,SPY,write,6.123264,REQ000105,write
2025-01-21T20:02:53.685830Z,SPY,total,8.771328,REQ000105,total
2025-01-21T20:02:53.688017Z,SPY,broker,10.95808,REQ000105,broker
2025-01-21T20:02:53.692509Z,QQQ,wire,0.268032,REQ000106,wire
2025-01-21T20:02:53.694852Z,QQQ,parse,2.6112,REQ000106,parse
2025-01-21T20:02:53.696871Z,QQQ,write,4.630272,REQ000106,write
2025-01-21T20:02:53.698786Z,QQQ,total,6.545152,REQ000106,total
2025-01-21T20:02:53.700707Z,QQQ,broker,8.466176,REQ000106,broker
2025-01-21T20:02:53.706630Z,SPY,wire,0.20992,REQ000107,wire
2025-01-21T20:02:53.708398Z,SPY,parse,1.978112,REQ000107,parse
2025-01-21T20:02:53.710144Z,SPY,write,3.724032,REQ000107,write
2025-01-21T20:02:53.711844Z,SPY,total,5.423872,REQ000107,total
2025-01-21T20:02:53.713535Z,SPY,broker,7.115008,REQ000107,broker
2025-01-21T20:02:55.657336Z,AAPL,wire,0.576,REQ000108,wire
2025-01-21T20:02:55.661094Z,AAPL,parse,4.333824,REQ000108,parse
2025-01-21T20:02:55.664555Z,AAPL,write,7.794944,REQ000108,write
2025-01-21T20:02:55.666805Z,AAPL,total,10.044928,REQ000108,total
2025-01-21T20:02:55.668589Z,AAPL,broker,11.828992,REQ000108,broker
2025-01-21T20:02:55.672124Z,AAPL,wire,0.24576,REQ000109,wire
2025-01-21T20:02:55.673902Z,AAPL,parse,2.023936,REQ000109,parse
2025-01-21T20:02:55.676040Z,AAPL,write,4.161792,REQ000109,write
2025-01-21T20:02:55.678021Z,AAPL,total,6.14272,REQ000109,total
2025-01-21T20:02:55.680014Z,AAPL,broker,8.13568,REQ000109,broker
2025-01-21T20:02:55.683520Z,QQQ,wire,0.243968,REQ000110,wire
2025-01-21T20:02:55.685647Z,QQQ,parse,2.371072,REQ000110,parse
2025-01-21T20:02:55.687583Z,QQQ,write,4.306944,REQ000110,write
2025-01-21T20:02:55.689510Z,QQQ,total,6.234112,REQ000110,total
2025-01-21T20:02:55.691749Z,QQQ,broker,8.473088,REQ000110,broker
2025-01-21T20:02:55.697799Z,SPY,wire,0.242944,REQ000111,wire
2025-01-21T20:02:55.701986Z,SPY,parse,4.43008,REQ000111,parse
2025-01-21T20:02:55.704255Z,SPY,write,6.699264,REQ000111,write
2025-01-21T20:02:55.706905Z,SPY,total,9.348864,REQ000111,total
2025-01-21T20:02:55.709027Z,SPY,broker,11.471104,REQ000111,broker
2025-01-21T20:02:56.656282Z,AAPL,wire,0.893696,REQ000112,wire
2025-01-21T20:02:56.661291Z,AAPL,parse,5.902848,REQ000112,parse
2025-01-21T20:02:56.664750Z,AAPL,write,9.36192,REQ000112,write
2025-01-21T20:02:56.667261Z,AAPL,total,11.872768,REQ000112,total
2025-01-21T20:02:56.669517Z,AAPL,broker,14.128896,REQ000112,broker
2025-01-21T20:02:56.674154Z,QQQ,wire,0.31488,REQ000113,wire
2025-01-21T20:02:56.676667Z,QQQ,parse,2.827776,REQ000113,parse
2025-01-21T20:02:56.679071Z,QQQ,write,5.231872,REQ000113,write
2025-01-21T20:02:56.681654Z,QQQ,total,7.814912,REQ000113,total
2025-01-21T20:02:56.684274Z,QQQ,broker,10.434816,REQ000113,broker
2025-01-21T20:02:56.688824Z,SPY,wire,0.352,REQ000114,wire
2025-01-21T20:02:56.691344Z,SPY,parse,2.872064,REQ000114,parse
2025-01-21T20:02:56.693654Z,SPY,write,5.181952,REQ000114,write
2025-01-21T20:02:56.695954Z,SPY,total,7.482112,REQ000114,total
2025-01-21T20:02:56.697946Z,SPY,broker,9.474048,REQ000114,broker
2025-01-21T20:02:56.701803Z,QQQ,wire,0.267008,REQ000115,wire
2025-01-21T20:02:56.703784Z,QQQ,parse,2.247936,REQ000115,parse
2025-01-21T20:02:56.705792Z,QQQ,write,4.256,REQ000115,write
2025-01-21T20:02:56.709695Z,QQQ,total,8.158976,REQ000115,total
2025-01-21T20:02:56.711629Z,QQQ,broker,10.0928,REQ000115,broker
2025-01-21T20:02:56.714832Z,AAPL,wire,0.218112,REQ000116,wire
2025-01-21T20:02:56.716488Z,AAPL,parse,1.87392,REQ000116,parse
2025-01-21T20:02:56.718001Z,AAPL,write,3.38688,REQ000116,write
2025-01-21T20:02:56.719511Z,AAPL,total,4.897024,REQ000116,total
2025-01-21T20:02:56.721154Z,AAPL,broker,6.540032,REQ000116,broker
2025-01-21T20:02:57.656119Z,SPY,wire,0.755968,REQ000117,wire
2025-01-21T20:02:57.661723Z,SPY,parse,6.359808,REQ000117,parse
2025-01-21T20:02:57.665161Z,SPY,write,9.797888,REQ000117,write
2025-01-21T20:02:57.667427Z,SPY,total,12.064,REQ000117,total
2025-01-21T20:02:57.669618Z,SPY,broker,14.254848,REQ000117,broker
2025-01-21T20:02:57.673368Z,QQQ,wire,0.252928,REQ000118,wire
2025-01-21T20:02:57.675470Z,QQQ,parse,2.354944,REQ000118,parse
2025-01-21T20:02:57.677734Z,QQQ,write,4.618752,REQ000118,write
2025-01-21T20:02:57.679982Z,QQQ,total,6.866688,REQ000118,total
2025-01-21T20:02:57.682203Z,QQQ,broker,9.088,REQ000118,broker
2025-01-21T20:02:57.686337Z,SPY,wire,0.26496,REQ000119,wire
2025-01-21T20:02:57.688588Z,SPY,parse,2.515712,REQ000119,parse
2025-01-21T20:02:57.691062Z,SPY,write,4.989952,REQ000119,write
2025-01-21T20:02:57.693414Z,SPY,total,7.341824,REQ000119,total
2025-01-21T20:02:57.695721Z,SPY,broker,9.648896,REQ000119,broker
2025-01-21T20:02:58.655762Z,AAPL,wire,0.700928,REQ000120,wire
2025-01-21T20:02:58.660668Z,AAPL,parse,5.606912,REQ000120,parse
2025-01-21T20:02:58.664784Z,AAPL,write,9.72288,REQ000120,write
2025-01-21T20:02:58.668009Z,AAPL,total,12.947968,REQ000120,total
2025-01-21T20:02:58.670832Z,AAPL,broker,15.77088,REQ000120,broker
2025-01-21T20:02:58.676482Z,QQQ,wire,0.402944,REQ000121,wire
2025-01-21T20:02:58.679316Z,QQQ,parse,3.236864,REQ000121,parse
2025-01-21T20:02:58.681962Z,QQQ,write,5.88288,REQ000121,write
2025-01-21T20:02:58.684885Z,QQQ,total,8.805888,REQ000121,total
2025-01-21T20:02:58.687613Z,QQQ,broker,11.533824,REQ000121,broker
2025-01-21T20:02:58.692147Z,SPY,wire,0.333824,REQ000122,wire
2025-01-21T20:02:58.694575Z,SPY,parse,2.761984,REQ000122,parse
2025-01-21T20:02:58.696936Z,SPY,write,5.122816,REQ000122,write
2025-01-21T20:02:58.699117Z,SPY,total,7.303936,REQ000122,total
2025-01-21T20:02:58.701229Z,SPY,broker,9.415936,REQ000122,broker
2025-01-21T20:02:59.661587Z,AAPL,wire,0.8448,REQ000123,wire
2025-01-21T20:02:59.667373Z,AAPL,parse,6.630912,REQ000123,parse
2025-01-21T20:02:59.670963Z,AAPL,write,10.2208,REQ000123,write
2025-01-21T20:02:59.674407Z,AAPL,total,13.664768,REQ000123,total
2025-01-21T20:02:59.678140Z,AAPL,broker,17.39776,REQ000123,broker
2025-01-21T20:02:59.684005Z,QQQ,wire,0.333056,REQ000124,wire
2025-01-21T20:02:59.686886Z,QQQ,parse,3.21408,REQ000124,parse
2025-01-21T20:02:59.689911Z,QQQ,write,6.23872,REQ000124,write
2025-01-21T20:02:59.694709Z,QQQ,total,11.036928,REQ000124,total
2025-01-21T20:02:59.697109Z,QQQ,broker,13.436928,REQ000124,broker
2025-01-21T20:03:00.699728Z,AAPL,wire,36.807168,REQ000125,wire
2025-01-21T20:03:00.755884Z,AAPL,parse,92.963072,REQ000125,parse
2025-01-21T20:03:00.757469Z,AAPL,write,94.547968,REQ000125,write
2025-01-21T20:03:00.758808Z,AAPL,total,95.886848,REQ000125,total
2025-01-21T20:03:00.760649Z,AAPL,broker,97.728,REQ000125,broker
2025-01-21T20:03:00.764027Z,SPY,wire,0.460288,REQ000126,wire
2025-01-21T20:03:00.767154Z,SPY,parse,3.587072,REQ000126,parse
2025-01-21T20:03:00.770783Z,SPY,write,7.216128,REQ000126,write
2025-01-21T20:03:00.772354Z,SPY,total,8.786944,REQ000126,total
2025-01-21T20:03:00.773867Z,SPY,broker,10.30016,REQ000126,broker
2025-01-21T20:03:00.776173Z,SPY,wire,0.139008,REQ000127,wire
2025-01-21T20:03:00.777337Z,SPY,parse,1.30304,REQ000127,parse
2025-01-21T20:03:00.778538Z,SPY,write,2.503936,REQ000127,write
2025-01-21T20:03:00.779687Z,SPY,total,3.652864,REQ000127,total
2025-01-21T20:03:00.780905Z,SPY,broker,4.870912,REQ000127,broker
2025-01-21T20:03:01.654872Z,QQQ,wire,0.849152,REQ000128,wire
2025-01-21T20:03:01.659161Z,QQQ,parse,5.138176,REQ000128,parse
2025-01-21T20:03:01.663329Z,QQQ,write,9.305856,REQ000128,write
2025-01-21T20:03:01.666950Z,QQQ,total,12.926976,REQ000128,total
2025-01-21T20:03:01.670412Z,QQQ,broker,16.38912,REQ000128,broker
2025-01-21T20:03:01.678861Z,AAPL,wire,0.345856,REQ000129,wire
2025-01-21T20:03:01.682209Z,AAPL,parse,3.69408,REQ000129,parse
2025-01-21T20:03:01.685339Z,AAPL,write,6.823936,REQ000129,write
2025-01-21T20:03:01.688057Z,AAPL,total,9.541888,REQ000129,total
2025-01-21T20:03:01.690516Z,AAPL,broker,12.001024,REQ000129,broker
2025-01-21T20:03:01.695246Z,QQQ,wire,0.272128,REQ000130,wire
2025-01-21T20:03:01.697422Z,QQQ,parse,2.448128,REQ000130,parse
2025-01-21T20:03:01.700326Z,QQQ,write,5.351936,REQ000130,write
2025-01-21T20:03:01.702598Z,QQQ,total,7.624192,REQ000130,total
2025-01-21T20:03:01.704609Z,QQQ,broker,9.635072,REQ000130,broker
2025-01-21T20:03:01.708108Z,SPY,wire,0.308224,REQ000131,wire
2025-01-21T20:03:01.710014Z,SPY,parse,2.2144,REQ000131,parse
2025-01-21T20:03:01.711846Z,SPY,write,4.046336,REQ000131,write
2025-01-21T20:03:01.713811Z,SPY,total,6.011136,REQ000131,total
2025-01-21T20:03:01.715430Z,SPY,broker,7.630336,REQ000131,broker
2025-01-21T20:03:02.655303Z,AAPL,wire,0.58496,REQ000132,wire
2025-01-21T20:03:02.659712Z,AAPL,parse,4.994048,REQ000132,parse
2025-01-21T20:03:02.663603Z,AAPL,write,8.884992,REQ000132,write
2025-01-21T20:03:02.666297Z,AAPL,total,11.57888,REQ000132,total
2025-01-21T20:03:02.669094Z,AAPL,broker,14.376192,REQ000132,broker
2025-01-21T20:03:02.673428Z,QQQ,wire,0.20096,REQ000133,wire
2025-01-21T20:03:02.675349Z,QQQ,parse,2.121984,REQ000133,parse
2025-01-21T20:03:02.679823Z,QQQ,write,6.59584,REQ000133,write
2025-01-21T20:03:02.682725Z,QQQ,total,9.497856,REQ000133,total
2025-01-21T20:03:02.685095Z,QQQ,broker,11.86816,REQ000133,broker
2025-01-21T20:03:02.688565Z,SPY,wire,0.211968,REQ000134,wire
2025-01-21T20:03:02.690196Z,SPY,parse,1.842944,REQ000134,parse
2025-01-21T20:03:02.691885Z,SPY,write,3.532032,REQ000134,write
2025-01-21T20:03:02.693574Z,SPY,total,5.220864,REQ000134,total
2025-01-21T20:03:02.695141Z,SPY,broker,6.788096,REQ000134,broker
2025-01-21T20:03:03.656129Z,AAPL,wire,0.422912,REQ000135,wire
2025-01-21T20:03:03.658821Z,AAPL,parse,3.115264,REQ000135,parse
2025-01-21T20:03:03.661348Z,AAPL,write,5.64224,REQ000135,write
2025-01-21T20:03:03.663419Z,AAPL,total,7.71328,REQ000135,total
2025-01-21T20:03:03.665521Z,AAPL,broker,9.81504,REQ000135,broker
2025-01-21T20:03:03.669130Z,QQQ,wire,0.208896,REQ000136,wire
2025-01-21T20:03:03.671122Z,QQQ,parse,2.201088,REQ000136,parse
2025-01-21T20:03:03.672910Z,QQQ,write,3.988992,REQ000136,write
2025-01-21T20:03:03.674661Z,QQQ,total,5.739776,REQ000136,total
2025-01-21T20:03:03.676395Z,QQQ,broker,7.47392,REQ000136,broker
2025-01-21T20:03:04.655550Z,AAPL,wire,0.452096,REQ000137,wire
2025-01-21T20:03:04.657523Z,AAPL,parse,2.425088,REQ000137,parse
2025-01-21T20:03:04.659286Z,AAPL,write,4.18816,REQ000137,write
2025-01-21T20:03:04.662288Z,AAPL,total,7.190016,REQ000137,total
2025-01-21T20:03:04.665459Z,AAPL,broker,10.361088,REQ000137,broker
2025-01-21T20:03:04.671152Z,SPY,wire,0.315136,REQ000138,wire
2025-01-21T20:03:04.673613Z,SPY,parse,2.776064,REQ000138,parse
2025-01-21T20:03:04.675263Z,SPY,write,4.425984,REQ000138,write
2025-01-21T20:03:04.676659Z,SPY,total,5.822208,REQ000138,total
2025-01-21T20:03:04.678349Z,SPY,broker,7.512064,REQ000138,broker
2025-01-21T20:03:04.682930Z,SPY,wire,0.26112,REQ000139,wire
2025-01-21T20:03:04.684544Z,SPY,parse,1.8752,REQ000139,parse
2025-01-21T20:03:04.686020Z,SPY,write,3.35104,REQ000139,write
2025-01-21T20:03:04.689432Z,SPY,total,6.763008,REQ000139,total
2025-01-21T20:03:04.691026Z,SPY,broker,8.35712,REQ000139,broker
2025-01-21T20:03:04.693700Z,AAPL,wire,0.184064,REQ000140,wire
2025-01-21T20:03:04.695723Z,AAPL,parse,2.206976,REQ000140,parse
2025-01-21T20:03:04.697592Z,AAPL,write,4.076032,REQ000140,write
2025-01-21T20:03:04.698970Z,AAPL,total,5.45408,REQ000140,total
2025-01-21T20:03:04.700284Z,AAPL,broker,6.767872,REQ000140,broker
2025-01-21T20:03:05.659200Z,QQQ,wire,0.81408,REQ000141,wire
2025-01-21T20:03:05.664491Z,QQQ,parse,6.105088,REQ000141,parse
2025-01-21T20:03:05.668621Z,QQQ,write,10.235136,REQ000141,write
2025-01-21T20:03:05.671919Z,QQQ,total,13.533184,REQ000141,total
2025-01-21T20:03:05.675159Z,QQQ,broker,16.77312,REQ000141,broker
2025-01-21T20:03:05.680047Z,QQQ,wire,0.254208,REQ000142,wire
2025-01-21T20:03:05.682700Z,QQQ,parse,2.907136,REQ000142,parse
2025-01-21T20:03:05.687993Z,QQQ,write,8.200192,REQ000142,write
2025-01-21T20:03:05.690475Z,QQQ,total,10.682112,REQ000142,total
2025-01-21T20:03:05.692752Z,QQQ,broker,12.958976,REQ000142,broker
2025-01-21T20:03:05.696836Z,AAPL,wire,0.221952,REQ000143,wire
2025-01-21T20:03:05.698970Z,AAPL,parse,2.355968,REQ000143,parse
2025-01-21T20:03:05.701056Z,AAPL,write,4.441856,REQ000143,write
2025-01-21T20:03:05.703021Z,AAPL,total,6.406912,REQ000143,total
2025-01-21T20:03:05.705011Z,AAPL,broker,8.3968,REQ000143,broker
2025-01-21T20:03:07.656580Z,SPY,wire,0.355072,REQ000144,wire
2025-01-21T20:03:07.659309Z,SPY,parse,3.083776,REQ000144,parse
2025-01-21T20:03:07.661712Z,SPY,write,5.486848,REQ000144,write
2025-01-21T20:03:07.665135Z,SPY,total,8.909824,REQ000144,total
2025-01-21T20:03:07.668621Z,SPY,broker,12.396032,REQ000144,broker
2025-01-21T20:03:07.674874Z,QQQ,wire,0.32896,REQ000145,wire
2025-01-21T20:03:07.677921Z,QQQ,parse,3.375872,REQ000145,parse
2025-01-21T20:03:07.680692Z,QQQ,write,6.146816,REQ000145,write
2025-01-21T20:03:07.683387Z,QQQ,total,8.841984,REQ000145,total
2025-01-21T20:03:07.686083Z,QQQ,broker,11.53792,REQ000145,broker
2025-01-21T20:03:07.690482Z,SPY,wire,0.221952,REQ000146,wire
2025-01-21T20:03:07.692754Z,SPY,parse,2.493952,REQ000146,parse
2025-01-21T20:03:07.694977Z,SPY,write,4.717056,REQ000146,write
2025-01-21T20:03:07.697327Z,SPY,total,7.06688,REQ000146,total
2025-01-21T20:03:07.699467Z,SPY,broker,9.20704,REQ000146,broker
2025-01-21T20:03:07.705322Z,AAPL,wire,0.198912,REQ000147,wire
2025-01-21T20:03:07.707342Z,AAPL,parse,2.218752,REQ000147,parse
2025-01-21T20:03:07.709168Z,AAPL,write,4.0448,REQ000147,write
2025-01-21T20:03:07.710865Z,AAPL,total,5.741824,REQ000147,total
2025-01-21T20:03:07.712560Z,AAPL,broker,7.4368,REQ000147,broker
2025-01-21T20:03:07.715609Z,SPY,wire,0.169984,REQ000148,wire
2025-01-21T20:03:07.717378Z,SPY,parse,1.938688,REQ000148,parse
2025-01-21T20:03:07.719014Z,SPY,write,3.574784,REQ000148,write
2025-01-21T20:03:07.720552Z,SPY,total,5.112832,REQ000148,total
2025-01-21T20:03:07.722049Z,SPY,broker,6.60992,REQ000148,broker
2025-01-21T20:03:08.656638Z,AAPL,wire,1.092096,REQ000149,wire
2025-01-21T20:03:08.658703Z,AAPL,parse,3.157248,REQ000149,parse
2025-01-21T20:03:08.660168Z,AAPL,write,4.62208,REQ000149,write
2025-01-21T20:03:08.661941Z,AAPL,total,6.395136,REQ000149,total
2025-01-21T20:03:08.663636Z,AAPL,broker,8.090112,REQ000149,broker
2025-01-21T20:03:08.666559Z,QQQ,wire,0.168192,REQ000150,wire
2025-01-21T20:03:08.668166Z,QQQ,parse,1.775104,REQ000150,parse
2025-01-21T20:03:08.669753Z,QQQ,write,3.362304,REQ000150,write
2025-01-21T20:03:08.671616Z,QQQ,total,5.225216,REQ000150,total
2025-01-21T20:03:08.673188Z,QQQ,broker,6.797312,REQ000150,broker
2025-01-21T20:03:08.675926Z,QQQ,wire,0.143104,REQ000151,wire
2025-01-21T20:03:08.677531Z,QQQ,parse,1.747968,REQ000151,parse
2025-01-21T20:03:08.682755Z,QQQ,write,6.97216,REQ000151,write
2025-01-21T20:03:08.684708Z,QQQ,total,8.925184,REQ000151,total
2025-01-21T20:03:08.686423Z,QQQ,broker,10.640128,REQ000151,broker
2025-01-21T20:03:09.654977Z,AAPL,wire,0.301056,REQ000152,wire
2025-01-21T20:03:09.656948Z,AAPL,parse,2.272,REQ000152,parse
2025-01-21T20:03:09.659318Z,AAPL,write,4.642048,REQ000152,write
2025-01-21T20:03:09.661319Z,AAPL,total,6.642944,REQ000152,total
2025-01-21T20:03:09.662981Z,AAPL,broker,8.305152,REQ000152,broker
2025-01-21T20:03:09.668220Z,SPY,wire,2.2272,REQ000153,wire
2025-01-21T20:03:09.672176Z,SPY,parse,6.182912,REQ000153,parse
2025-01-21T20:03:09.674728Z,SPY,write,8.734976,REQ000153,write
2025-01-21T20:03:09.676710Z,SPY,total,10.716928,REQ000153,total
2025-01-21T20:03:09.678506Z,SPY,broker,12.513024,REQ000153,broker
2025-01-21T20:03:09.681769Z,SPY,wire,0.244992,REQ000154,wire
2025-01-21T20:03:09.683600Z,SPY,parse,2.075904,REQ000154,parse
2025-01-21T20:03:09.685670Z,SPY,write,4.14592,REQ000154,write
2025-01-21T20:03:09.687752Z,SPY,total,6.227968,REQ000154,total
2025-01-21T20:03:09.689695Z,SPY,broker,8.171008,REQ000154,broker
2025-01-21T20:03:09.693759Z,QQQ,wire,0.556032,REQ000155,wire
2025-01-21T20:03:09.696046Z,QQQ,parse,2.843136,REQ000155,parse
2025-01-21T20:03:09.698223Z,QQQ,write,5.02016,REQ000155,write
2025-01-21T20:03:09.701083Z,QQQ,total,7.879936,REQ000155,total
2025-01-21T20:03:09.705639Z,QQQ,broker,12.435968,REQ000155,broker
2025-01-21T20:03:10.656766Z,AAPL,wire,0.537856,REQ000156,wire
2025-01-21T20:03:10.660904Z,AAPL,parse,4.67584,REQ000156,parse
2025-01-21T20:03:10.665308Z,AAPL,write,9.079808,REQ000156,write
2025-01-21T20:03:10.668604Z,AAPL,total,12.375808,REQ000156,total
2025-01-21T20:03:10.671811Z,AAPL,broker,15.582976,REQ000156,broker
2025-01-21T20:03:10.676906Z,SPY,wire,0.26496,REQ000157,wire
2025-01-21T20:03:10.679925Z,SPY,parse,3.283968,REQ000157,parse
2025-01-21T20:03:10.682809Z,SPY,write,6.168064,REQ000157,write
2025-01-21T20:03:10.685521Z,SPY,total,8.879872,REQ000157,total
2025-01-21T20:03:10.687840Z,SPY,broker,11.198976,REQ000157,broker
2025-01-21T20:03:10.691819Z,QQQ,wire,0.211968,REQ000158,wire
2025-01-21T20:03:10.694097Z,QQQ,parse,2.490112,REQ000158,parse
2025-01-21T20:03:10.696238Z,QQQ,write,4.63104,REQ000158,write
2025-01-21T20:03:10.698500Z,QQQ,total,6.8928,REQ000158,total
2025-01-21T20:03:10.700671Z,QQQ,broker,9.063936,REQ000158,broker
2025-01-21T20:03:11.657715Z,AAPL,wire,1.122048,REQ000159,wire
2025-01-21T20:03:11.662472Z,AAPL,parse,5.878784,REQ000159,parse
2025-01-21T20:03:11.666226Z,AAPL,write,9.632768,REQ000159,write
2025-01-21T20:03:11.669388Z,AAPL,total,12.79488,REQ000159,total
2025-01-21T20:03:11.672827Z,AAPL,broker,16.233728,REQ000159,broker
2025-01-21T20:03:11.678128Z,QQQ,wire,0.269056,REQ000160,wire
2025-01-21T20:03:11.683628Z,QQQ,parse,5.76896,REQ000160,parse
2025-01-21T20:03:11.686818Z,QQQ,write,8.95872,REQ000160,write
2025-01-21T20:03:11.689246Z,QQQ,total,11.38688,REQ000160,total
2025-01-21T20:03:11.691518Z,QQQ,broker,13.65888,REQ000160,broker
2025-01-21T20:03:11.695725Z,SPY,wire,0.260096,REQ000161,wire
2025-01-21T20:03:11.697921Z,SPY,parse,2.456064,REQ000161,parse
2025-01-21T20:03:11.699898Z,SPY,write,4.433152,REQ000161,write
2025-01-21T20:03:11.702084Z,SPY,total,6.619136,REQ000161,total
2025-01-21T20:03:11.704127Z,SPY,broker,8.662016,REQ000161,broker
2025-01-21T20:03:12.654233Z,AAPL,wire,0.259072,REQ000162,wire
2025-01-21T20:03:12.656098Z,AAPL,parse,2.123776,REQ000162,parse
2025-01-21T20:03:12.658508Z,AAPL,write,4.534016,REQ000162,write
2025-01-21T20:03:12.659796Z,AAPL,total,5.821952,REQ000162,total
2025-01-21T20:03:12.661591Z,AAPL,broker,7.617024,REQ000162,broker
2025-01-21T20:03:12.664056Z,QQQ,wire,0.164096,REQ000163,wire
2025-01-21T20:03:12.666851Z,QQQ,parse,2.959104,REQ000163,parse
2025-01-21T20:03:12.669578Z,QQQ,write,5.686016,REQ000163,write
2025-01-21T20:03:12.671303Z,QQQ,total,7.410944,REQ000163,total
2025-01-21T20:03:12.672797Z,QQQ,broker,8.90496,REQ000163,broker
2025-01-21T20:03:12.677189Z,SPY,wire,0.219136,REQ000164,wire
2025-01-21T20:03:12.683022Z,SPY,parse,6.052096,REQ000164,parse
2025-01-21T20:03:12.686021Z,SPY,write,9.051136,REQ000164,write
2025-01-21T20:03:12.688874Z,SPY,total,11.904,REQ000164,total
2025-01-21T20:03:12.699052Z,SPY,broker,22.082048,REQ000164,broker
2025-01-21T20:03:13.657553Z,AAPL,wire,0.861696,REQ000165,wire
2025-01-21T20:03:13.662463Z,AAPL,parse,5.771776,REQ000165,parse
2025-01-21T20:03:13.665624Z,AAPL,write,8.932608,REQ000165,write
2025-01-21T20:03:13.668038Z,AAPL,total,11.346688,REQ000165,total
2025-01-21T20:03:13.670556Z,AAPL,broker,13.86496,REQ000165,broker
2025-01-21T20:03:13.676647Z,QQQ,wire,1.91488,REQ000166,wire
2025-01-21T20:03:13.680342Z,QQQ,parse,5.609984,REQ000166,parse
2025-01-21T20:03:13.683056Z,QQQ,write,8.324096,REQ000166,write
2025-01-21T20:03:13.686611Z,QQQ,total,11.878912,REQ000166,total
2025-01-21T20:03:13.689460Z,QQQ,broker,14.727936,REQ000166,broker
2025-01-21T20:03:13.694459Z,AAPL,wire,0.24704,REQ000167,wire
2025-01-21T20:03:13.697309Z,AAPL,parse,3.097088,REQ000167,parse
2025-01-21T20:03:13.699617Z,AAPL,write,5.405184,REQ000167,write
2025-01-21T20:03:13.702095Z,AAPL,total,7.883264,REQ000167,total
2025-01-21T20:03:13.704485Z,AAPL,broker,10.273024,REQ000167,broker
2025-01-21T20:03:14.658554Z,SPY,wire,1.07008,REQ000168,wire
2025-01-21T20:03:14.679516Z,SPY,parse,22.032128,REQ000168,parse
2025-01-21T20:03:14.704949Z,SPY,write,47.46496,REQ000168,write
2025-01-21T20:03:14.707268Z,SPY,total,49.784064,REQ000168,total
2025-01-21T20:03:14.710926Z,SPY,broker,53.442048,REQ000168,broker
2025-01-21T20:03:14.749427Z,QQQ,wire,0.278016,REQ000169,wire
2025-01-21T20:03:14.750985Z,QQQ,parse,1.835776,REQ000169,parse
2025-01-21T20:03:14.752797Z,QQQ,write,3.647744,REQ000169,write
2025-01-21T20:03:14.754198Z,QQQ,total,5.048832,REQ000169,total
2025-01-21T20:03:14.755502Z,QQQ,broker,6.352896,REQ000169,broker
2025-01-21T20:03:15.656160Z,AAPL,wire,0.655104,REQ000170,wire
2025-01-21T20:03:15.660659Z,AAPL,parse,5.154304,REQ000170,parse
2025-01-21T20:03:15.664136Z,AAPL,write,8.63104,REQ000170,write
2025-01-21T20:03:15.665459Z,AAPL,total,9.954048,REQ000170,total
2025-01-21T20:03:15.667102Z,AAPL,broker,11.597312,REQ000170,broker
2025-01-21T20:03:15.670563Z,SPY,wire,0.132096,REQ000171,wire
2025-01-21T20:03:15.671752Z,SPY,parse,1.32096,REQ000171,parse
2025-01-21T20:03:15.672879Z,SPY,write,2.448128,REQ000171,write
2025-01-21T20:03:15.674116Z,SPY,total,3.684864,REQ000171,total
2025-01-21T20:03:15.675616Z,SPY,broker,5.185024,REQ000171,broker
2025-01-21T20:03:15.678361Z,QQQ,wire,0.2368,REQ000172,wire
2025-01-21T20:03:15.679672Z,QQQ,parse,1.548032,REQ000172,parse
2025-01-21T20:03:15.680796Z,QQQ,write,2.671872,REQ000172,write
2025-01-21T20:03:15.681936Z,QQQ,total,3.812096,REQ000172,total
2025-01-21T20:03:15.683263Z,QQQ,broker,5.138944,REQ000172,broker
2025-01-21T20:03:16.665135Z,AAPL,wire,7.746816,REQ000173,wire
2025-01-21T20:03:16.673862Z,AAPL,parse,16.473856,REQ000173,parse
2025-01-21T20:03:16.677315Z,AAPL,write,19.92704,REQ000173,write
2025-01-21T20:03:16.684314Z,AAPL,total,26.92608,REQ000173,total
2025-01-21T20:03:16.687176Z,AAPL,broker,29.787904,REQ000173,broker
2025-01-21T20:03:16.693118Z,SPY,wire,0.49536,REQ000174,wire
2025-01-21T20:03:16.696478Z,SPY,parse,3.855104,REQ000174,parse
2025-01-21T20:03:16.698956Z,SPY,write,6.333184,REQ000174,write
2025-01-21T20:03:16.701314Z,SPY,total,8.6912,REQ000174,total
2025-01-21T20:03:16.703849Z,SPY,broker,11.226112,REQ000174,broker
2025-01-21T20:03:16.707927Z,QQQ,wire,0.230144,REQ000175,wire
2025-01-21T20:03:16.710592Z,QQQ,parse,2.895104,REQ000175,parse
2025-01-21T20:03:16.713281Z,QQQ,write,5.584128,REQ000175,write
2025-01-21T20:03:16.715540Z,QQQ,total,7.843072,REQ000175,total
2025-01-21T20:03:16.717589Z,QQQ,broker,9.892096,REQ000175,broker
2025-01-21T20:03:17.657944Z,AAPL,wire,0.805888,REQ000176,wire
2025-01-21T20:03:17.662278Z,AAPL,parse,5.139712,REQ000176,parse
2025-01-21T20:03:17.665254Z,AAPL,write,8.115968,REQ000176,write
2025-01-21T20:03:17.667357Z,AAPL,total,10.218752,REQ000176,total
2025-01-21T20:03:17.669451Z,AAPL,broker,12.312832,REQ000176,broker
2025-01-21T20:03:17.672911Z,SPY,wire,0.160768,REQ000177,wire
2025-01-21T20:03:17.674717Z,SPY,parse,1.966848,REQ000177,parse
2025-01-21T20:03:17.676478Z,SPY,write,3.727872,REQ000177,write
2025-01-21T20:03:17.678205Z,SPY,total,5.454848,REQ000177,total
2025-01-21T20:03:17.680198Z,SPY,broker,7.447808,REQ000177,broker
2025-01-21T20:03:17.685764Z,QQQ,wire,0.167168,REQ000178,wire
2025-01-21T20:03:17.687366Z,QQQ,parse,1.76896,REQ000178,parse
2025-01-21T20:03:17.688877Z,QQQ,write,3.280128,REQ000178,write
2025-01-21T20:03:17.690692Z,QQQ,total,5.094912,REQ000178,total
2025-01-21T20:03:17.692488Z,QQQ,broker,6.891008,REQ000178,broker
2025-01-21T20:03:17.695597Z,AAPL,wire,0.22912,REQ000179,wire
2025-01-21T20:03:17.697853Z,AAPL,parse,2.485248,REQ000179,parse
2025-01-21T20:03:17.699809Z,AAPL,write,4.441088,REQ000179,write
2025-01-21T20:03:17.701775Z,AAPL,total,6.407168,REQ000179,total
2025-01-21T20:03:17.703697Z,AAPL,broker,8.32896,REQ000179,broker
2025-01-21T20:03:18.655894Z,SPY,wire,0.834048,REQ000180,wire
2025-01-21T20:03:18.660793Z,SPY,parse,5.73312,REQ000180,parse
2025-01-21T20:03:18.665376Z,SPY,write,10.316032,REQ000180,write
2025-01-21T20:03:18.668796Z,SPY,total,13.736192,REQ000180,total
2025-01-21T20:03:18.671996Z,SPY,broker,16.936192,REQ000180,broker
2025-01-21T20:03:18.676900Z,QQQ,wire,0.234752,REQ000181,wire
2025-01-21T20:03:18.679586Z,QQQ,parse,2.92096,REQ000181,parse
2025-01-21T20:03:18.682183Z,QQQ,write,5.517824,REQ000181,write
2025-01-21T20:03:18.684757Z,QQQ,total,8.091904,REQ000181,total
2025-01-21T20:03:18.687154Z,QQQ,broker,10.489088,REQ000181,broker
2025-01-21T20:03:18.691108Z,SPY,wire,0.183296,REQ000182,wire
2025-01-21T20:03:18.693388Z,SPY,parse,2.463232,REQ000182,parse
2025-01-21T20:03:18.697901Z,SPY,write,6.976256,REQ000182,write
2025-01-21T20:03:18.699902Z,SPY,total,8.977152,REQ000182,total
2025-01-21T20:03:18.701827Z,SPY,broker,10.902272,REQ000182,broker
2025-01-21T20:03:20.658993Z,AAPL,wire,0.87296,REQ000183,wire
2025-01-21T20:03:20.664721Z,AAPL,parse,6.60096,REQ000183,parse
2025-01-21T20:03:20.668781Z,AAPL,write,10.66112,REQ000183,write
2025-01-21T20:03:20.672296Z,AAPL,total,14.176,REQ000183,total
2025-01-21T20:03:20.675672Z,AAPL,broker,17.552128,REQ000183,broker
2025-01-21T20:03:20.680572Z,AAPL,wire,0.242176,REQ000184,wire
2025-01-21T20:03:20.683257Z,AAPL,parse,2.927104,REQ000184,parse
2025-01-21T20:03:20.685964Z,AAPL,write,5.634048,REQ000184,write
2025-01-21T20:03:20.688584Z,AAPL,total,8.254208,REQ000184,total
2025-01-21T20:03:20.690892Z,AAPL,broker,10.562048,REQ000184,broker
2025-01-21T20:03:20.694958Z,QQQ,wire,0.212992,REQ000185,wire
2025-01-21T20:03:20.697297Z,QQQ,parse,2.552064,REQ000185,parse
2025-01-21T20:03:20.699462Z,QQQ,write,4.7168,REQ000185,write
2025-01-21T20:03:20.701565Z,QQQ,total,6.81984,REQ000185,total
2025-01-21T20:03:20.703566Z,QQQ,broker,8.820992,REQ000185,broker
2025-01-21T20:03:20.707196Z,SPY,wire,0.173056,REQ000186,wire
2025-01-21T20:03:20.709017Z,SPY,parse,1.99424,REQ000186,parse
2025-01-21T20:03:20.710777Z,SPY,write,3.75424,REQ000186,write
2025-01-21T20:03:20.712555Z,SPY,total,5.53216,REQ000186,total
2025-01-21T20:03:20.716985Z,SPY,broker,9.96224,REQ000186,broker
2025-01-21T20:03:20.719785Z,QQQ,wire,0.13696,REQ000187,wire
2025-01-21T20:03:20.721302Z,QQQ,parse,1.654016,REQ000187,parse
2025-01-21T20:03:20.722821Z,QQQ,write,3.17312,REQ000187,write
2025-01-21T20:03:20.724341Z,QQQ,total,4.692992,REQ000187,total
2025-01-21T20:03:20.725797Z,QQQ,broker,6.148864,REQ000187,broker
2025-01-21T20:03:21.658194Z,AAPL,wire,0.534272,REQ000188,wire
2025-01-21T20:03:21.660924Z,AAPL,parse,3.264,REQ000188,parse
2025-01-21T20:03:21.663049Z,AAPL,write,5.389056,REQ000188,write
2025-01-21T20:03:21.665455Z,AAPL,total,7.7952,REQ000188,total
2025-01-21T20:03:21.668311Z,AAPL,broker,10.651136,REQ000188,broker
2025-01-21T20:03:21.673176Z,SPY,wire,0.236032,REQ000189,wire
2025-01-21T20:03:21.676259Z,SPY,parse,3.31904,REQ000189,parse
2025-01-21T20:03:21.678675Z,SPY,write,5.734912,REQ000189,write
2025-01-21T20:03:21.681120Z,SPY,total,8.179968,REQ000189,total
2025-01-21T20:03:21.683523Z,SPY,broker,10.582784,REQ000189,broker
2025-01-21T20:03:21.687568Z,QQQ,wire,0.195072,REQ000190,wire
2025-01-21T20:03:21.689644Z,QQQ,parse,2.271232,REQ000190,parse
2025-01-21T20:03:21.692137Z,QQQ,write,4.76416,REQ000190,write
2025-01-21T20:03:21.694319Z,QQQ,total,6.946304,REQ000190,total
2025-01-21T20:03:21.696246Z,QQQ,broker,8.873216,REQ000190,broker
2025-01-21T20:03:21.704713Z,SPY,wire,0.267264,REQ000191,wire
2025-01-21T20:03:21.706757Z,SPY,parse,2.311168,REQ000191,parse
2025-01-21T20:03:21.708722Z,SPY,write,4.276224,REQ000191,write
2025-01-21T20:03:21.710369Z,SPY,total,5.923072,REQ000191,total
2025-01-21T20:03:21.711994Z,SPY,broker,7.547904,REQ000191,broker
2025-01-21T20:03:22.656831Z,AAPL,wire,0.68992,REQ000192,wire
2025-01-21T20:03:22.661322Z,AAPL,parse,5.181184,REQ000192,parse
2025-01-21T20:03:22.665209Z,AAPL,write,9.068032,REQ000192,write
2025-01-21T20:03:22.668680Z,AAPL,total,12.53888,REQ000192,total
2025-01-21T20:03:22.671466Z,AAPL,broker,15.325184,REQ000192,broker
2025-01-21T20:03:22.676327Z,SPY,wire,0.238848,REQ000193,wire
2025-01-21T20:03:22.678912Z,SPY,parse,2.823936,REQ000193,parse
2025-01-21T20:03:22.681719Z,SPY,write,5.630976,REQ000193,write
2025-01-21T20:03:22.684282Z,SPY,total,8.194048,REQ000193,total
2025-01-21T20:03:22.686562Z,SPY,broker,10.473984,REQ000193,broker
2025-01-21T20:03:22.690707Z,QQQ,wire,0.23296,REQ000194,wire
2025-01-21T20:03:22.692745Z,QQQ,parse,2.270976,REQ000194,parse
2025-01-21T20:03:22.694726Z,QQQ,write,4.251904,REQ000194,write
2025-01-21T20:03:22.696870Z,QQQ,total,6.39616,REQ000194,total
2025-01-21T20:03:22.698930Z,QQQ,broker,8.455936,REQ000194,broker
2025-01-21T20:03:23.655403Z,AAPL,wire,0.547072,REQ000195,wire
2025-01-21T20:03:23.659648Z,AAPL,parse,4.792064,REQ000195,parse
2025-01-21T20:03:23.665605Z,AAPL,write,10.749184,REQ000195,write
2025-01-21T20:03:23.667647Z,AAPL,total,12.79104,REQ000195,total
2025-01-21T20:03:23.669853Z,AAPL,broker,14.996992,REQ000195,broker
2025-01-21T20:03:23.674063Z,QQQ,wire,0.262912,REQ000196,wire
2025-01-21T20:03:23.676241Z,QQQ,parse,2.44096,REQ000196,parse
2025-01-21T20:03:23.678329Z,QQQ,write,4.529152,REQ000196,write
2025-01-21T20:03:23.680407Z,QQQ,total,6.607104,REQ000196,total
2025-01-21T20:03:23.682393Z,QQQ,broker,8.593152,REQ000196,broker
2025-01-21T20:03:23.685904Z,AAPL,wire,0.227072,REQ000197,wire
2025-01-21T20:03:23.687928Z,AAPL,parse,2.251008,REQ000197,parse
2025-01-21T20:03:23.690016Z,AAPL,write,4.338944,REQ000197,write
2025-01-21T20:03:23.691992Z,AAPL,total,6.315008,REQ000197,total
2025-01-21T20:03:23.694154Z,AAPL,broker,8.476928,REQ000197,broker
