id,timestamp,symbol,last_price,bid_price,ask_price,volume,trade_time,msg_type
1,2025-01-21 14:34:35,SPY,602.48,602.46,602.47,26504335,2025-01-21 20:34:34,quote
2,2025-01-21 14:34:35,QQQ,525.18,525.16,525.18,18280746,2025-01-21 20:34:34,quote
3,2025-01-21 14:34:36,AAPL,221.635,221.63,221.64,69009819,2025-01-21 20:34:35,quote
4,2025-01-21 14:34:36,AAPL,,100,300,69009998,,quote
5,2025-01-21 14:34:37,SPY,602.4701,602.47,602.48,26505683,2025-01-21 20:34:36,quote
6,2025-01-21 14:34:37,QQQ,525.17,,700,18283086,2025-01-21 20:34:36,quote
7,2025-01-21 14:34:38,AAPL,221.6121,221.61,221.62,69038161,2025-01-21 20:34:37,quote
8,2025-01-21 14:34:38,SPY,,300,602.49,26505818,,quote
9,2025-01-21 14:34:38,QQQ,,300,525.17,18285076,2025-01-21 20:34:37,quote
10,2025-01-21 14:34:39,QQQ,,100,525.18,18292189,,quote
11,2025-01-21 14:34:39,AAPL,221.6,221.6,500,69040175,2025-01-21 20:34:38,quote
12,2025-01-21 14:34:39,SPY,,200,602.48,26505984,,quote
13,2025-01-21 14:34:40,AAPL,221.61,,400,69042411,2025-01-21 20:34:39,quote
14,2025-01-21 14:34:40,SPY,602.48,,,26507289,2025-01-21 20:34:38,quote
15,2025-01-21 14:34:40,QQQ,525.1701,,1000,18292459,2025-01-21 20:34:39,quote
16,2025-01-21 14:34:40,QQQ,525.18,,700,18293171,,quote
17,2025-01-21 14:34:40,AAPL,221.59,221.58,221.6,69053891,2025-01-21 20:34:40,quote
18,2025-01-21 14:34:41,SPY,602.46,602.46,900,26512360,2025-01-21 20:34:40,quote
19,2025-01-21 14:34:41,AAPL,,221.59,200,69054686,,quote
20,2025-01-21 14:34:41,SPY,602.48,900,100,26513460,,quote
21,2025-01-21 14:34:42,QQQ,525.16,900,525.17,18293888,2025-01-21 20:34:40,quote
22,2025-01-21 14:34:42,QQQ,,525.15,700,18294481,2025-01-21 20:34:42,quote
23,2025-01-21 14:34:42,AAPL,221.58,221.58,221.59,69055227,2025-01-21 20:34:42,quote
24,2025-01-21 14:34:43,SPY,602.49,,602.49,26514485,2025-01-21 20:34:41,quote
25,2025-01-21 14:34:43,QQQ,525.18,525.17,525.18,18295678,2025-01-21 20:34:43,quote
26,2025-01-21 14:34:44,SPY,602.51,602.49,602.51,26516433,2025-01-21 20:34:43,quote
27,2025-01-21 14:34:44,AAPL,100,,500,69057640,2025-01-21 20:34:43,quote
28,2025-01-21 14:34:44,AAPL,221.59,,400,69058803,,quote
29,2025-01-21 14:34:50,AAPL,221.6,221.59,221.61,69075989,2025-01-21 20:34:50,quote
30,2025-01-21 14:34:51,QQQ,525.19,525.18,525.19,18298991,2025-01-21 20:34:50,quote
31,2025-01-21 14:34:51,SPY,602.515,602.51,602.52,26527522,2025-01-21 20:34:50,quote
32,2025-01-21 14:34:52,SPY,602.51,602.49,900,26529055,2025-01-21 20:34:51,quote
33,2025-01-21 14:34:52,AAPL,221.6099,1300,,69077217,2025-01-21 20:34:51,quote
34,2025-01-21 14:34:52,QQQ,,,525.2,18299093,,quote
35,2025-01-21 14:34:52,SPY,,,602.51,26529209,2025-01-21 20:34:52,quote
36,2025-01-21 14:34:52,AAPL,221.59,1900,500,69077392,,quote
37,2025-01-21 14:34:53,QQQ,525.18,100,525.19,18299257,2025-01-21 20:34:52,quote
38,2025-01-21 14:34:53,QQQ,,525.17,,18299359,2025-01-21 20:34:53,quote
39,2025-01-21 14:34:53,AAPL,,1300,221.6,69080602,2025-01-21 20:34:53,quote
40,2025-01-21 14:34:54,SPY,602.5096,602.5,600,26529977,2025-01-21 20:34:53,quote
41,2025-01-21 14:34:54,AAPL,221.58,221.57,221.58,69085576,2025-01-21 20:34:54,quote
42,2025-01-21 14:34:54,SPY,,100,900,26530099,,quote
43,2025-01-21 14:34:55,QQQ,525.175,600,525.18,18299461,,quote
44,2025-01-21 14:34:55,SPY,602.495,602.49,602.5,26536060,2025-01-21 20:34:55,quote
45,2025-01-21 14:34:56,QQQ,525.17,525.15,525.17,18300085,2025-01-21 20:34:55,quote
46,2025-01-21 14:34:56,AAPL,221.57,221.56,,69087548,2025-01-21 20:34:55,quote
47,2025-01-21 14:34:57,AAPL,221.56,221.55,221.57,69090348,2025-01-21 20:34:56,quote
48,2025-01-21 14:34:57,QQQ,525.1651,525.16,,18300571,2025-01-21 20:34:56,quote
49,2025-01-21 14:34:57,SPY,,300,1200,26536147,,quote
50,2025-01-21 14:34:57,SPY,602.5,,200,26536766,2025-01-21 20:34:57,quote
51,2025-01-21 14:34:58,AAPL,221.55,221.53,221.55,69094044,2025-01-21 20:34:57,quote
52,2025-01-21 14:34:58,QQQ,525.18,525.17,525.19,18300879,2025-01-21 20:34:57,quote
53,2025-01-21 14:34:58,AAPL,221.54,221.52,221.54,69097461,2025-01-21 20:34:58,quote
54,2025-01-21 14:34:58,SPY,602.4911,,,26537610,2025-01-21 20:34:58,quote
55,2025-01-21 14:35:00,QQQ,525.19,700,800,18301663,,quote
56,2025-01-21 14:35:00,AAPL,221.5,221.5,221.51,69107239,2025-01-21 20:34:59,quote
57,2025-01-21 14:35:00,SPY,,400,300,26537718,,quote
58,2025-01-21 14:35:00,QQQ,,100,2400,18302522,,quote
59,2025-01-21 14:35:00,AAPL,221.495,221.48,900,69117030,2025-01-21 20:35:00,quote
60,2025-01-21 14:35:00,QQQ,525.1601,525.15,525.16,18303494,2025-01-21 20:35:00,quote
61,2025-01-21 14:35:01,SPY,602.495,300,2500,26538078,2025-01-21 20:35:00,quote
62,2025-01-21 14:35:01,AAPL,221.485,200,221.49,69118816,2025-01-21 20:35:01,quote
63,2025-01-21 14:35:02,SPY,602.46,602.47,602.48,26541316,2025-01-21 20:35:01,quote
64,2025-01-21 14:35:02,QQQ,525.14,525.14,1100,18304670,2025-01-21 20:35:01,quote
65,2025-01-21 14:35:03,AAPL,221.48,221.47,,69120271,2025-01-21 20:35:02,quote
66,2025-01-21 14:35:03,SPY,602.4599,602.44,602.46,26543152,2025-01-21 20:35:02,quote
67,2025-01-21 14:35:03,QQQ,525.11,525.11,525.13,18315742,2025-01-21 20:35:02,quote
68,2025-01-21 14:35:03,QQQ,,525.12,100,18315917,,quote
69,2025-01-21 14:35:04,AAPL,221.4873,400,200,69122119,2025-01-21 20:35:03,quote
70,2025-01-21 14:35:04,SPY,602.4401,602.45,602.47,26544813,2025-01-21 20:35:03,quote
71,2025-01-21 14:35:04,SPY,602.445,602.44,602.45,26546342,2025-01-21 20:35:04,quote
72,2025-01-21 14:35:04,QQQ,525.12,525.1,525.11,18317678,2025-01-21 20:35:04,quote
73,2025-01-21 14:35:05,AAPL,221.47,221.46,221.48,69125665,2025-01-21 20:35:04,quote
74,2025-01-21 14:35:06,AAPL,500,300,,69126721,2025-01-21 20:35:05,quote
75,2025-01-21 14:35:06,SPY,602.43,602.41,602.44,26548275,2025-01-21 20:35:05,quote
76,2025-01-21 14:35:06,QQQ,525.09,525.09,2100,18320301,2025-01-21 20:35:05,quote
77,2025-01-21 14:35:06,AAPL,,,200,69127811,2025-01-21 20:35:06,quote
78,2025-01-21 14:35:07,SPY,,602.42,,26549185,,quote
79,2025-01-21 14:35:07,QQQ,,700,100,18320303,,quote
80,2025-01-21 14:35:07,SPY,602.41,602.41,1000,26549618,2025-01-21 20:35:07,quote
81,2025-01-21 14:35:07,QQQ,,400,2600,18320409,,quote
82,2025-01-21 14:35:08,AAPL,211,221.47,221.49,69132077,2025-01-21 20:35:07,quote
83,2025-01-21 14:35:08,QQQ,525.1074,900,700,18321176,2025-01-21 20:35:08,quote
84,2025-01-21 14:35:09,AAPL,221.4838,221.48,200,69132728,2025-01-21 20:35:08,quote
85,2025-01-21 14:35:09,SPY,602.434,900,602.43,26549952,2025-01-21 20:35:08,quote
86,2025-01-21 14:35:09,AAPL,221.485,500,100,69133844,2025-01-21 20:35:09,quote
87,2025-01-21 14:35:10,SPY,602.42,,900,26552953,2025-01-21 20:35:09,quote
88,2025-01-21 14:35:10,QQQ,525.09,525.08,525.1,18321773,2025-01-21 20:35:09,quote
89,2025-01-21 14:35:11,SPY,602.4299,,400,26553255,2025-01-21 20:35:10,quote
90,2025-01-21 14:35:11,AAPL,221.5,221.5,221.5,69135977,2025-01-21 20:35:10,quote
91,2025-01-21 14:35:11,QQQ,,525.09,300,18322136,2025-01-21 20:35:10,quote
92,2025-01-21 14:35:11,QQQ,,,,18322575,2025-01-21 20:35:11,quote
93,2025-01-21 14:35:11,AAPL,221.506,,221.51,69137051,2025-01-21 20:35:11,quote
94,2025-01-21 14:35:12,SPY,602.44,,602.44,26555610,2025-01-21 20:35:11,quote
95,2025-01-21 14:35:12,QQQ,,,,18322607,,quote
96,2025-01-21 14:35:12,AAPL,221.505,400,,69140459,2025-01-21 20:35:12,quote
97,2025-01-21 14:35:13,SPY,602.4201,4300,602.43,26557063,2025-01-21 20:35:12,quote
98,2025-01-21 14:35:13,AAPL,221.5109,221.51,221.52,69146367,2025-01-21 20:35:13,quote
99,2025-01-21 14:35:13,SPY,602.42,600,900,26557453,2025-01-21 20:35:13,quote
100,2025-01-21 14:35:14,QQQ,,525.08,700,18323065,2025-01-21 20:35:13,quote
101,2025-01-21 14:35:14,AAPL,221.5,221.5,221.51,69150071,2025-01-21 20:35:14,quote
102,2025-01-21 14:35:14,QQQ,,200,525.09,18323106,,quote
103,2025-01-21 14:35:15,SPY,,400,602.42,26557471,,quote
104,2025-01-21 14:35:15,AAPL,221.49,221.48,221.5,69152072,2025-01-21 20:35:15,quote
105,2025-01-21 14:35:16,AAPL,221.48,221.47,221.48,69155665,2025-01-21 20:35:16,quote
106,2025-01-21 14:35:17,QQQ,525.06,525.06,525.07,18326404,2025-01-21 20:35:16,quote
107,2025-01-21 14:35:17,SPY,602.4199,,1000,26559249,2025-01-21 20:35:16,quote
108,2025-01-21 14:35:17,AAPL,,500,221.49,69157424,2025-01-21 20:35:17,quote
109,2025-01-21 14:35:18,QQQ,,525.05,,18326423,,quote
110,2025-01-21 14:35:18,SPY,602.4151,500,,26559820,2025-01-21 20:35:17,quote
111,2025-01-21 14:35:18,AAPL,,400,300,69157869,,quote
112,2025-01-21 14:35:18,QQQ,,200,525.06,18327946,2025-01-21 20:35:18,quote
113,2025-01-21 14:35:19,SPY,602.41,1100,700,26561737,2025-01-21 20:35:18,quote
114,2025-01-21 14:35:19,AAPL,,,400,69158615,2025-01-21 20:35:19,quote
115,2025-01-21 14:35:20,QQQ,525.05,525.04,300,18329496,2025-01-21 20:35:19,quote
116,2025-01-21 14:35:20,SPY,602.4101,300,800,26562665,2025-01-21 20:35:19,quote
117,2025-01-21 14:35:20,AAPL,221.47,100,221.48,69161830,2025-01-21 20:35:20,quote
118,2025-01-21 14:35:20,SPY,602.43,602.42,602.43,26565256,2025-01-21 20:35:20,quote
119,2025-01-21 14:35:21,QQQ,525.06,525.05,2100,18331346,2025-01-21 20:35:20,quote
120,2025-01-21 14:35:21,AAPL,,300,100,69162131,2025-01-21 20:35:21,quote
121,2025-01-21 14:35:21,SPY,602.45,602.44,602.46,26566957,2025-01-21 20:35:21,quote
122,2025-01-21 14:35:22,QQQ,525.08,525.09,525.11,18334687,2025-01-21 20:35:21,quote
123,2025-01-21 14:35:22,QQQ,,525.1,,18334717,,quote
124,2025-01-21 14:35:22,AAPL,221.48,221.48,221.49,69165192,2025-01-21 20:35:22,quote
125,2025-01-21 14:35:23,SPY,602.46,602.45,602.47,26567819,,quote
126,2025-01-21 14:35:23,AAPL,221.5,221.5,221.51,69166802,2025-01-21 20:35:23,quote
127,2025-01-21 14:35:23,QQQ,,525.11,525.13,18335062,,quote
128,2025-01-21 14:35:24,SPY,602.47,,700,26568947,2025-01-21 20:35:23,quote
129,2025-01-21 14:35:24,AAPL,221.495,221.49,221.5,69171131,2025-01-21 20:35:24,quote
130,2025-01-21 14:35:25,QQQ,525.1269,525.1,525.11,18335289,2025-01-21 20:35:23,quote
131,2025-01-21 14:35:25,SPY,602.46,,602.46,26570262,2025-01-21 20:35:24,quote
132,2025-01-21 14:35:25,AAPL,,221.5,221.52,69171892,2025-01-21 20:35:25,quote
133,2025-01-21 14:35:25,SPY,602.4501,600,300,26570540,2025-01-21 20:35:25,quote
134,2025-01-21 14:35:26,QQQ,525.1,525.09,525.1,18335657,2025-01-21 20:35:25,quote
135,2025-01-21 14:35:26,QQQ,525.08,525.07,525.08,18337996,2025-01-21 20:35:26,quote
136,2025-01-21 14:37:21,SPY,602.25,602.24,602.26,26912513,2025-01-21 20:37:20,quote
137,2025-01-21 14:37:21,AAPL,221.4813,221.48,221.49,69554696,2025-01-21 20:37:21,quote
138,2025-01-21 14:37:22,QQQ,524.81,524.79,524.81,18476405,2025-01-21 20:37:21,quote
139,2025-01-21 14:37:22,AAPL,221.47,221.46,221.48,69556816,2025-01-21 20:37:22,quote
140,2025-01-21 14:37:22,SPY,602.245,500,602.25,26914464,2025-01-21 20:37:22,quote
141,2025-01-21 14:37:23,QQQ,524.79,524.78,524.8,18477110,2025-01-21 20:37:22,quote
142,2025-01-21 14:37:23,AAPL,221.44,221.43,221.45,69564331,2025-01-21 20:37:23,quote
143,2025-01-21 14:37:24,QQQ,524.73,524.7,524.72,18482536,2025-01-21 20:37:23,quote
144,2025-01-21 14:37:24,SPY,602.16,602.14,602.16,26921032,2025-01-21 20:37:23,quote
145,2025-01-21 14:37:24,QQQ,,524.71,524.73,18482846,2025-01-21 20:37:24,quote
146,2025-01-21 14:37:24,SPY,602.165,602.16,602.18,26922104,2025-01-21 20:37:24,quote
147,2025-01-21 14:37:25,AAPL,221.45,221.44,300,69564540,2025-01-21 20:37:24,quote
148,2025-01-21 14:37:25,AAPL,170,221.43,,69565352,2025-01-21 20:37:25,quote
149,2025-01-21 14:37:25,QQQ,524.77,524.75,524.77,18484866,2025-01-21 20:37:25,quote
150,2025-01-21 14:37:26,SPY,602.17,602.17,602.19,26922427,2025-01-21 20:37:25,quote
151,2025-01-21 14:37:26,AAPL,,221.44,200,69566659,2025-01-21 20:37:26,quote
152,2025-01-21 14:37:26,SPY,,602.16,1000,26922614,,quote
153,2025-01-21 14:37:28,QQQ,524.74,524.73,524.76,18485274,2025-01-21 20:37:26,quote
154,2025-01-21 14:37:28,SPY,,,,26922627,,quote
155,2025-01-21 14:37:28,AAPL,,221.45,221.46,69569562,2025-01-21 20:37:27,quote
156,2025-01-21 14:37:28,QQQ,,524.74,524.77,18485296,,quote
157,2025-01-21 14:37:28,AAPL,221.44,221.43,221.45,69572807,2025-01-21 20:37:28,quote
158,2025-01-21 14:37:28,QQQ,524.77,524.77,524.78,18485535,2025-01-21 20:37:27,quote
159,2025-01-21 14:37:29,SPY,602.205,602.19,602.22,26926908,2025-01-21 20:37:28,quote
160,2025-01-21 14:37:29,AAPL,221.435,1500,,69573685,2025-01-21 20:37:29,quote
161,2025-01-21 14:37:30,SPY,602.22,602.21,602.23,26928194,2025-01-21 20:37:29,quote
162,2025-01-21 14:37:30,QQQ,,524.78,524.8,18485801,2025-01-21 20:37:29,quote
163,2025-01-21 14:37:30,AAPL,221.45,221.45,221.46,69576950,2025-01-21 20:37:30,quote
164,2025-01-21 14:37:31,QQQ,524.7601,524.76,524.77,18486454,2025-01-21 20:37:30,quote
165,2025-01-21 14:37:31,SPY,,200,1500,26928498,2025-01-21 20:37:30,quote
166,2025-01-21 14:37:32,SPY,602.21,602.2,602.21,26928932,2025-01-21 20:37:31,quote
167,2025-01-21 14:37:32,AAPL,221.4547,200,,69577598,2025-01-21 20:37:31,quote
168,2025-01-21 14:37:32,QQQ,,524.75,524.76,18486605,,quote
169,2025-01-21 14:37:33,AAPL,221.46,1100,221.48,69582380,2025-01-21 20:37:32,quote
170,2025-01-21 14:37:33,QQQ,,524.77,524.78,18486733,,quote
171,2025-01-21 14:37:33,SPY,100,1400,602.22,26929123,2025-01-21 20:37:32,quote
172,2025-01-21 14:37:34,AAPL,221.465,400,400,69582554,2025-01-21 20:37:33,quote
173,2025-01-21 14:37:34,SPY,,1200,,26929378,,quote
174,2025-01-21 14:37:34,QQQ,,524.76,,18486813,,quote
175,2025-01-21 14:37:34,AAPL,221.46,1400,221.47,69583686,2025-01-21 20:37:34,quote
176,2025-01-21 14:37:34,SPY,,200,1100,26929469,,quote
177,2025-01-21 14:37:35,QQQ,524.76,524.75,524.76,18488347,2025-01-21 20:37:34,quote
178,2025-01-21 14:37:35,AAPL,221.44,221.43,221.45,69587027,2025-01-21 20:37:35,quote
179,2025-01-21 14:37:36,SPY,602.22,900,400,26930343,2025-01-21 20:37:35,quote
180,2025-01-21 14:37:36,QQQ,524.75,800,200,18488798,,quote
181,2025-01-21 14:37:36,SPY,602.21,200,900,26930590,,quote
182,2025-01-21 14:37:36,QQQ,524.76,524.74,1000,18490137,2025-01-21 20:37:36,quote
183,2025-01-21 14:37:37,AAPL,221.43,500,221.44,69589292,2025-01-21 20:37:36,quote
184,2025-01-21 14:37:37,QQQ,524.75,524.75,100,18490382,,quote
185,2025-01-21 14:37:37,SPY,602.22,602.21,200,26931290,2025-01-21 20:37:37,quote
186,2025-01-21 14:37:38,AAPL,221.445,221.44,221.45,69590368,2025-01-21 20:37:37,quote
187,2025-01-21 14:37:38,AAPL,221.4401,,,69592070,2025-01-21 20:37:38,quote
188,2025-01-21 14:37:39,SPY,602.2225,602.22,602.23,26932278,2025-01-21 20:37:38,quote
189,2025-01-21 14:37:39,QQQ,524.78,524.76,524.78,18490687,2025-01-21 20:37:37,quote
190,2025-01-21 14:37:39,AAPL,221.46,221.45,221.47,69594616,2025-01-21 20:37:39,quote
191,2025-01-21 14:37:39,QQQ,,524.78,524.8,18491588,2025-01-21 20:37:39,quote
192,2025-01-21 14:37:40,SPY,602.25,602.25,602.27,26933565,2025-01-21 20:37:39,quote
193,2025-01-21 14:37:40,SPY,602.23,602.27,602.29,26937473,2025-01-21 20:37:40,quote
194,2025-01-21 14:37:41,QQQ,,900,200,18491633,,quote
195,2025-01-21 14:37:41,QQQ,524.791,,,18491769,2025-01-21 20:37:40,quote
196,2025-01-21 14:37:41,SPY,602.285,602.28,100,26938938,2025-01-21 20:37:41,quote
197,2025-01-21 14:37:43,AAPL,,1200,,69595809,2025-01-21 20:37:41,quote
198,2025-01-21 14:37:43,AAPL,221.445,400,221.45,69596608,2025-01-21 20:37:42,quote
199,2025-01-21 14:37:43,QQQ,,700,1700,,,quote
200,2025-01-21 14:37:43,SPY,,602.27,400,26940408,,quote
201,2025-01-21 14:37:43,AAPL,,600,300,69599625,2025-01-21 20:37:43,quote
202,2025-01-21 14:37:43,QQQ,524.78,524.75,524.77,18492059,2025-01-21 20:37:42,quote
203,2025-01-21 14:37:44,SPY,602.255,602.24,602.27,26952922,2025-01-21 20:37:43,quote
204,2025-01-21 14:37:44,AAPL,,800,,69599829,2025-01-21 20:37:44,quote
205,2025-01-21 14:37:44,QQQ,524.75,524.73,524.75,18492680,2025-01-21 20:37:43,quote
206,2025-01-21 14:37:45,SPY,602.24,602.23,602.24,26955448,2025-01-21 20:37:44,quote
207,2025-01-21 14:37:45,QQQ,,1100,524.74,18492690,,quote
208,2025-01-21 14:37:45,SPY,602.235,,,26955897,2025-01-21 20:37:45,quote
209,2025-01-21 14:37:46,AAPL,221.4232,221.41,221.42,69605860,2025-01-21 20:37:45,quote
210,2025-01-21 14:37:46,SPY,,300,602.25,26955931,,quote
211,2025-01-21 14:37:47,AAPL,221.4101,400,600,69607828,2025-01-21 20:37:46,quote
212,2025-01-21 14:37:47,QQQ,524.74,1200,524.75,18493141,2025-01-21 20:37:45,quote
213,2025-01-21 14:37:47,AAPL,221.4,221.4,221.41,69610605,2025-01-21 20:37:47,quote
214,2025-01-21 14:37:48,SPY,602.27,602.25,602.28,26960561,2025-01-21 20:37:47,quote
215,2025-01-21 14:37:48,QQQ,524.76,524.76,524.78,18493623,2025-01-21 20:37:47,quote
216,2025-01-21 14:37:49,AAPL,150,221.38,221.4,69619815,2025-01-21 20:37:48,quote
217,2025-01-21 14:37:49,SPY,602.26,400,1400,26961178,,quote
218,2025-01-21 14:37:49,QQQ,,100,524.77,18493807,,quote
219,2025-01-21 14:37:49,QQQ,,900,524.78,18493900,,quote
220,2025-01-21 14:37:50,SPY,602.27,900,1300,26963032,2025-01-21 20:37:49,quote
221,2025-01-21 14:37:50,AAPL,221.35,221.34,221.36,69636319,2025-01-21 20:37:49,quote
222,2025-01-21 14:37:50,QQQ,,524.75,524.77,18494015,,quote
223,2025-01-21 14:37:51,SPY,100,,,26963161,2025-01-21 20:37:50,quote
224,2025-01-21 14:37:51,AAPL,221.345,300,221.35,69638779,2025-01-21 20:37:50,quote
225,2025-01-21 14:37:51,AAPL,1749,200,200,69643247,2025-01-21 20:37:51,quote
226,2025-01-21 14:44:22,AAPL,221.4786,221.47,221.48,70393517,2025-01-21 20:44:22,quote
227,2025-01-21 14:44:22,META,616.99,616.8,616.99,7570993,2025-01-21 20:44:21,quote
228,2025-01-21 14:44:22,MSTR,388.5122,388.27,388.82,21459710,2025-01-21 20:44:22,quote
229,2025-01-21 14:44:22,NFLX,868.21,868,868.44,5039126,2025-01-21 20:44:18,quote
230,2025-01-21 14:44:22,SPY,602.5699,602.56,602.57,27989891,2025-01-21 20:44:21,quote
231,2025-01-21 14:44:22,AMZN,230.81206,230.8,230.82,27705052,2025-01-21 20:44:21,quote
232,2025-01-21 14:44:22,GOOG,200.1501,200.15,200.16,11146322,2025-01-21 20:44:21,quote
233,2025-01-21 14:44:22,QQQ,524.8,524.77,524.8,18789263,2025-01-21 20:44:20,quote
234,2025-01-21 14:44:22,COIN,296.44,296.33,296.7,10795240,2025-01-21 20:44:21,quote
235,2025-01-21 14:44:22,NVDA,141.3,141.29,141.31,145128141,2025-01-21 20:44:22,quote
236,2025-01-21 14:44:22,GS,633.94,633.69,634.08,4280220,2025-01-21 20:44:21,quote
237,2025-01-21 14:44:23,TSLA,422.2405,422.23,422.3,76350336,2025-01-21 20:44:21,quote
238,2025-01-21 14:44:23,AAPL,221.475,,500,70394141,,quote
239,2025-01-21 14:44:23,NVDA,141.285,141.28,141.29,145129585,,quote
240,2025-01-21 14:44:23,QQQ,524.7899,200,900,18790019,2025-01-21 20:44:22,quote
241,2025-01-21 14:44:23,TSLA,422.23,422.16,422.25,76352301,2025-01-21 20:44:22,quote
242,2025-01-21 14:44:23,AMZN,230.825,230.81,200,27706175,2025-01-21 20:44:22,quote
243,2025-01-21 14:44:23,META,100,,,7571409,2025-01-21 20:44:22,quote
244,2025-01-21 14:44:24,SPY,602.57,,,27990393,2025-01-21 20:44:22,quote
245,2025-01-21 14:44:24,GS,,,,4280249,,quote
246,2025-01-21 14:44:24,GOOG,200.16,,,11146440,2025-01-21 20:44:22,quote
247,2025-01-21 14:44:24,MSTR,,388.28,388.74,21459851,,quote
248,2025-01-21 14:44:24,COIN,,,,10795302,,quote
249,2025-01-21 14:44:24,NFLX,,,,5039580,,quote
250,2025-01-21 14:44:24,AAPL,,,600,70394252,,quote
251,2025-01-21 14:44:24,META,617.07,,617.08,7574344,2025-01-21 20:44:23,quote
252,2025-01-21 14:44:24,QQQ,524.7901,100,524.79,18790132,2025-01-21 20:44:23,quote
253,2025-01-21 14:44:24,NFLX,868.264,,,5039727,2025-01-21 20:44:23,quote
254,2025-01-21 14:44:24,GOOG,,,1000,11146493,,quote
255,2025-01-21 14:44:24,AMZN,230.81,,,27706634,2025-01-21 20:44:23,quote
256,2025-01-21 14:44:24,TSLA,422.1602,,422.23,76355826,2025-01-21 20:44:23,quote
257,2025-01-21 14:44:24,COIN,296.36,296.16,296.66,10795825,2025-01-21 20:44:23,quote
258,2025-01-21 14:44:24,NVDA,141.29,2200,141.3,145132456,2025-01-21 20:44:24,quote
259,2025-01-21 14:44:24,GS,,,,4280274,,quote
260,2025-01-21 14:44:24,SPY,602.58,,602.58,27991842,2025-01-21 20:44:23,quote
261,2025-01-21 14:44:25,MSTR,388.4,388.29,388.94,21461500,2025-01-21 20:44:23,quote
262,2025-01-21 14:44:25,AAPL,,,400,70394548,,quote
263,2025-01-21 14:44:25,QQQ,524.8,524.8,524.82,18790877,2025-01-21 20:44:24,quote
264,2025-01-21 14:44:25,TSLA,422.125,422.04,422.21,76358171,2025-01-21 20:44:25,quote
265,2025-01-21 14:44:25,SPY,602.57,602.57,100,27992712,2025-01-21 20:44:24,quote
266,2025-01-21 14:44:25,MSTR,388.29,388.28,388.72,21462132,2025-01-21 20:44:24,quote
267,2025-01-21 14:44:25,COIN,296.445,296.19,296.7,10795977,2025-01-21 20:44:24,quote
268,2025-01-21 14:44:25,GS,634.06,633.75,,4281397,2025-01-21 20:44:24,quote
269,2025-01-21 14:44:25,META,616.945,616.84,,7574602,2025-01-21 20:44:24,quote
270,2025-01-21 14:44:25,NVDA,141.3,141.29,141.31,145134859,,quote
271,2025-01-21 14:44:26,NFLX,868.22,,,5041563,2025-01-21 20:44:24,quote
272,2025-01-21 14:44:26,AMZN,230.82,,230.84,27707778,2025-01-21 20:44:25,quote
273,2025-01-21 14:44:26,GOOG,,500,,11146530,,quote
274,2025-01-21 14:44:26,AAPL,221.4891,221.48,221.49,70397441,2025-01-21 20:44:25,quote
275,2025-01-21 14:44:26,SPY,602.5799,,,27993241,2025-01-21 20:44:26,quote
276,2025-01-21 14:44:26,QQQ,,900,100,18790878,,quote
277,2025-01-21 14:44:26,MSTR,388.566,,,21462687,2025-01-21 20:44:25,quote
278,2025-01-21 14:44:26,NVDA,,800,141.3,145136118,2025-01-21 20:44:25,quote
279,2025-01-21 14:44:26,COIN,,296.36,10000,10796026,,quote
280,2025-01-21 14:44:26,AMZN,230.81,,230.83,27708441,2025-01-21 20:44:26,quote
281,2025-01-21 14:44:26,GOOG,,400,,11146546,,quote
282,2025-01-21 14:44:26,META,617.07,616.8,,7574826,2025-01-21 20:44:25,quote
283,2025-01-21 14:44:26,GS,,,,4281402,,quote
284,2025-01-21 14:44:26,NFLX,,,,5041793,2025-01-21 20:44:25,quote
285,2025-01-21 14:44:27,TSLA,422.16,422.09,422.23,76360895,,quote
286,2025-01-21 14:44:27,TSLA,422.09,422.04,700,76365272,2025-01-21 20:44:26,quote
287,2025-01-21 14:44:27,AAPL,221.485,800,,70397657,2025-01-21 20:44:26,quote
288,2025-01-21 14:44:27,NVDA,141.285,141.28,141.29,145139242,2025-01-21 20:44:27,quote
289,2025-01-21 14:44:27,GOOG,200.155,,,11146820,2025-01-21 20:44:26,quote
290,2025-01-21 14:44:27,MSTR,388.26,388.23,388.5,21463282,2025-01-21 20:44:26,quote
291,2025-01-21 14:44:27,QQQ,,100,900,18790896,,quote
292,2025-01-21 14:44:27,AMZN,,,300,27708490,,quote
293,2025-01-21 14:44:28,SPY,602.57,,200,27993658,,quote
294,2025-01-21 14:44:28,NFLX,868.0001,,,5042046,2025-01-21 20:44:26,quote
295,2025-01-21 14:44:28,COIN,,,,10796047,,quote
296,2025-01-21 14:44:28,META,617.13,800,617.12,7575171,2025-01-21 20:44:26,quote
297,2025-01-21 14:44:28,AAPL,221.4837,600,,70399122,2025-01-21 20:44:27,quote
298,2025-01-21 14:44:28,AMZN,,,100,27708579,,quote
299,2025-01-21 14:44:28,MSTR,388.08,388.05,,21464548,2025-01-21 20:44:27,quote
300,2025-01-21 14:44:28,NVDA,141.2999,141.29,141.3,145142035,,quote
301,2025-01-21 14:44:28,SPY,,,,27993739,,quote
302,2025-01-21 14:44:28,QQQ,524.7801,524.78,524.81,18792068,2025-01-21 20:44:27,quote
303,2025-01-21 14:44:28,TSLA,422,422,422.19,76369279,2025-01-21 20:44:28,quote
304,2025-01-21 14:44:28,NFLX,868.24,,,5042149,2025-01-21 20:44:27,quote
305,2025-01-21 14:44:28,GS,,,,4281403,,quote
306,2025-01-21 14:44:29,META,617.1,300,,7575307,2025-01-21 20:44:27,quote
307,2025-01-21 14:44:29,COIN,,296.38,,,,quote
308,2025-01-21 14:44:29,COIN,296.54,,,10796247,2025-01-21 20:44:28,quote
309,2025-01-21 14:44:29,QQQ,,900,524.8,18792079,,quote
310,2025-01-21 14:44:29,NVDA,141.2941,141.28,,145142761,2025-01-21 20:44:29,quote
311,2025-01-21 14:44:29,NFLX,,,,5042402,,quote
312,2025-01-21 14:44:29,AMZN,230.85,230.83,230.85,27711442,2025-01-21 20:44:28,quote
313,2025-01-21 14:44:29,META,,,,7575362,,quote
314,2025-01-21 14:44:29,MSTR,388.11,388.02,388.41,21465032,2025-01-21 20:44:28,quote
315,2025-01-21 14:44:29,TSLA,422.095,,300,76370172,,quote
316,2025-01-21 14:44:29,SPY,602.58,,100,27995484,2025-01-21 20:44:29,quote
317,2025-01-21 14:44:29,GS,634.07,100,634.07,4281614,2025-01-21 20:44:28,quote
318,2025-01-21 14:44:30,AAPL,221.4804,1200,,70399911,2025-01-21 20:44:28,quote
319,2025-01-21 14:44:30,GOOG,,300,,11146920,2025-01-21 20:44:28,quote
320,2025-01-21 14:44:30,META,617.07,,,7575497,2025-01-21 20:44:29,quote
321,2025-01-21 14:44:30,QQQ,524.7501,524.75,524.77,18793325,2025-01-21 20:44:30,quote
322,2025-01-21 14:44:30,SPY,602.57,602.56,602.57,27996695,2025-01-21 20:44:30,quote
323,2025-01-21 14:44:30,TSLA,421.98,421.9,422,76375272,2025-01-21 20:44:30,quote
324,2025-01-21 14:44:30,AMZN,230.84,230.84,400,27712184,2025-01-21 20:44:29,quote
325,2025-01-21 14:44:30,MSTR,388.1806,,,21465328,2025-01-21 20:44:29,quote
326,2025-01-21 14:44:30,AAPL,221.48,400,700,70401234,2025-01-21 20:44:29,quote
327,2025-01-21 14:44:30,NFLX,868.19,,,5042541,2025-01-21 20:44:29,quote
328,2025-01-21 14:44:30,COIN,,200,11900,10796316,,quote
329,2025-01-21 14:44:31,GOOG,200.15,200.14,200.15,11148975,2025-01-21 20:44:30,quote
330,2025-01-21 14:44:31,NVDA,141.29,700,141.29,145143901,,quote
331,2025-01-21 14:44:31,GS,,,300,4281626,,quote
332,2025-01-21 14:44:31,COIN,,296.37,296.59,10796333,,quote
333,2025-01-21 14:44:31,SPY,602.58,602.57,602.58,27997415,,quote
334,2025-01-21 14:44:31,QQQ,,524.76,524.79,18793343,,quote
335,2025-01-21 14:44:31,TSLA,421.993,422,422.09,76378565,,quote
336,2025-01-21 14:44:31,AMZN,230.82,230.81,230.83,27714653,2025-01-21 20:44:30,quote
337,2025-01-21 14:44:31,NFLX,,,,5042596,,quote
338,2025-01-21 14:44:31,AAPL,221.49,,,70401399,2025-01-21 20:44:30,quote
339,2025-01-21 14:44:31,GS,634.0699,,200,4282025,2025-01-21 20:44:30,quote
340,2025-01-21 14:44:31,NVDA,141.28,141.27,500,145148751,2025-01-21 20:44:30,quote
341,2025-01-21 14:44:32,META,617.04,200,,7575606,2025-01-21 20:44:30,quote
342,2025-01-21 14:44:32,GOOG,,300,,11149612,,quote
343,2025-01-21 14:44:32,MSTR,388.171747,388.01,388.5,21466922,2025-01-21 20:44:30,quote
344,2025-01-21 14:44:32,AAPL,221.48,221.47,221.48,70404741,2025-01-21 20:44:31,quote
345,2025-01-21 14:44:32,SPY,602.57,602.56,1500,28000156,2025-01-21 20:44:31,quote
346,2025-01-21 14:44:32,QQQ,524.76,100,524.78,18794372,2025-01-21 20:44:32,quote
347,2025-01-21 14:44:32,TSLA,421.92,421.92,422.05,76382341,2025-01-21 20:44:31,quote
348,2025-01-21 14:44:32,META,616.94,,,7575942,2025-01-21 20:44:31,quote
349,2025-01-21 14:44:32,NFLX,868.22,,,5042702,2025-01-21 20:44:31,quote
350,2025-01-21 14:44:32,COIN,296.4,296.38,,10796576,2025-01-21 20:44:30,quote
351,2025-01-21 14:44:32,NVDA,141.2899,1600,800,145150203,2025-01-21 20:44:31,quote
352,2025-01-21 14:44:32,GOOG,200.155,,200.16,11150939,2025-01-21 20:44:31,quote
353,2025-01-21 14:44:32,AMZN,230.825,200,230.84,27714906,2025-01-21 20:44:31,quote
354,2025-01-21 14:44:33,MSTR,388.28,388.06,,21467488,2025-01-21 20:44:31,quote
355,2025-01-21 14:44:33,GS,,700,,4282121,,quote
356,2025-01-21 14:44:33,GOOG,200.16,200.15,,11151286,2025-01-21 20:44:33,quote
357,2025-01-21 14:44:33,AAPL,221.4786,,600,70405642,2025-01-21 20:44:32,quote
358,2025-01-21 14:44:33,COIN,296.37,296.19,,10798254,2025-01-21 20:44:32,quote
359,2025-01-21 14:44:33,QQQ,,,524.77,18794373,,quote
360,2025-01-21 14:44:33,SPY,602.58,4900,100,28000615,2025-01-21 20:44:33,quote
361,2025-01-21 14:44:33,TSLA,421.9216,200,422,76385732,2025-01-21 20:44:32,quote
362,2025-01-21 14:44:33,NVDA,,1200,,145152847,2025-01-21 20:44:32,quote
363,2025-01-21 14:44:33,GS,634,634,,4282237,2025-01-21 20:44:32,quote
364,2025-01-21 14:44:33,MSTR,387.9,387.75,387.97,21470311,2025-01-21 20:44:32,quote
365,2025-01-21 14:44:33,NFLX,,,,5042803,,quote
366,2025-01-21 14:44:34,AMZN,,,300,27715010,,quote
367,2025-01-21 14:44:34,META,617.04,800,617.08,7576251,2025-01-21 20:44:32,quote
368,2025-01-21 14:44:34,TSLA,422.0484,,422.06,76387919,2025-01-21 20:44:33,quote
369,2025-01-21 14:44:34,GS,634.13,634.02,634.21,4284759,2025-01-21 20:44:33,quote
370,2025-01-21 14:44:34,AAPL,221.4701,,800,70408686,2025-01-21 20:44:33,quote
371,2025-01-21 14:44:34,NFLX,,,,5043513,2025-01-21 20:44:33,quote
372,2025-01-21 14:44:34,COIN,,,296.66,10798263,,quote
373,2025-01-21 14:44:34,AMZN,,100,230.82,27715084,,quote
374,2025-01-21 14:44:34,SPY,,400,602.57,28000625,,quote
375,2025-01-21 14:44:34,META,,200,,7576431,2025-01-21 20:44:33,quote
376,2025-01-21 14:44:34,GOOG,,200,100,11151334,,quote
377,2025-01-21 14:44:34,NVDA,141.275,,141.28,145160933,2025-01-21 20:44:33,quote
378,2025-01-21 14:44:34,MSTR,387.82,387.53,387.86,21470924,2025-01-21 20:44:33,quote
379,2025-01-21 14:44:35,QQQ,524.765,524.74,524.76,18797267,2025-01-21 20:44:33,quote
380,2025-01-21 14:44:35,META,,,617.07,7576551,,quote
381,2025-01-21 14:44:35,NFLX,868.21,,868.42,5043623,2025-01-21 20:44:34,quote
382,2025-01-21 14:44:35,AMZN,230.79,230.78,230.8,27717683,2025-01-21 20:44:35,quote
383,2025-01-21 14:44:35,QQQ,,100,524.75,18797787,,quote
384,2025-01-21 14:44:35,TSLA,421.968,100,422,76390550,2025-01-21 20:44:34,quote
385,2025-01-21 14:44:35,NVDA,141.2705,,300,145163862,2025-01-21 20:44:35,quote
386,2025-01-21 14:44:35,MSTR,387.7,387.58,100,21471258,2025-01-21 20:44:34,quote
387,2025-01-21 14:44:35,GOOG,200.155,400,,11152417,2025-01-21 20:44:34,quote
388,2025-01-21 14:44:35,GS,634.16,,634.23,4285053,2025-01-21 20:44:34,quote
389,2025-01-21 14:44:35,COIN,296.18,296.1,296.38,10798615,2025-01-21 20:44:34,quote
390,2025-01-21 14:44:36,SPY,602.55,602.55,900,28003078,2025-01-21 20:44:34,quote
391,2025-01-21 14:44:36,AAPL,221.48,2000,221.49,70412814,2025-01-21 20:44:34,quote
392,2025-01-21 14:44:36,AAPL,,2200,,70413949,2025-01-21 20:44:35,quote
393,2025-01-21 14:44:36,QQQ,524.72,524.71,524.73,18799468,2025-01-21 20:44:35,quote
394,2025-01-21 14:44:36,SPY,602.54,602.54,602.56,28004815,2025-01-21 20:44:35,quote
395,2025-01-21 14:44:36,GS,634.22,100,,4287548,2025-01-21 20:44:35,quote
396,2025-01-21 14:44:36,AMZN,134,230.77,230.79,27717991,,quote
397,2025-01-21 14:44:36,NFLX,,,,5043727,2025-01-21 20:44:35,quote
398,2025-01-21 14:44:36,MSTR,387.72,387.62,,21471798,2025-01-21 20:44:35,quote
399,2025-01-21 14:44:36,META,616.96,,617.08,7576900,2025-01-21 20:44:35,quote
400,2025-01-21 14:44:36,TSLA,421.82,421.82,421.97,76393520,2025-01-21 20:44:35,quote
401,2025-01-21 14:44:36,NVDA,141.26,141.25,141.27,145173179,,quote
402,2025-01-21 14:44:37,COIN,,,,10798624,,quote
403,2025-01-21 14:44:37,GOOG,200.15,200.14,200.15,11153081,2025-01-21 20:44:35,quote
404,2025-01-21 14:44:37,GOOG,,600,200.16,11153223,2025-01-21 20:44:36,quote
405,2025-01-21 14:44:37,TSLA,421.8201,,421.92,76395626,2025-01-21 20:44:37,quote
406,2025-01-21 14:44:37,META,616.94,,617.06,7577179,2025-01-21 20:44:36,quote
407,2025-01-21 14:44:37,COIN,,,,10798724,,quote
408,2025-01-21 14:44:37,SPY,602.56,,602.57,28005546,2025-01-21 20:44:36,quote
409,2025-01-21 14:44:37,AAPL,100,1800,221.48,70415188,2025-01-21 20:44:37,quote
410,2025-01-21 14:44:37,NFLX,,,,5043883,,quote
411,2025-01-21 14:44:37,GS,,,,4287550,,quote
412,2025-01-21 14:44:37,QQQ,,,524.74,18799634,,quote
413,2025-01-21 14:44:37,MSTR,387.5,387.35,387.69,21473143,2025-01-21 20:44:36,quote
414,2025-01-21 14:44:37,NVDA,141.2699,141.26,141.28,145179849,2025-01-21 20:44:36,quote
415,2025-01-21 14:44:38,AMZN,230.785,,230.8,27719451,2025-01-21 20:44:36,quote
416,2025-01-21 14:44:38,AAPL,221.49,221.49,221.5,70423480,,quote
417,2025-01-21 14:44:38,TSLA,421.9,,421.9,76397189,2025-01-21 20:44:38,quote
418,2025-01-21 14:44:38,GS,,,,4287551,,quote
419,2025-01-21 14:44:38,NVDA,141.275,141.27,600,145196664,2025-01-21 20:44:37,quote
420,2025-01-21 14:44:38,SPY,602.58,602.57,602.59,28007539,2025-01-21 20:44:37,quote
421,2025-01-21 14:44:38,QQQ,524.75,524.75,524.76,18799792,2025-01-21 20:44:37,quote
422,2025-01-21 14:44:38,MSTR,387.69,387.54,388.31,21473900,2025-01-21 20:44:37,quote
423,2025-01-21 14:44:38,GOOG,,200.16,200.17,11153245,,quote
424,2025-01-21 14:44:38,META,617,300,617.08,7577385,2025-01-21 20:44:37,quote
425,2025-01-21 14:44:39,AMZN,230.79,230.78,230.82,27720366,2025-01-21 20:44:37,quote
426,2025-01-21 14:44:39,COIN,,,,10798824,,quote
427,2025-01-21 14:44:39,NFLX,,868.11,,5043894,,quote
428,2025-01-21 14:44:39,NFLX,,,,5043911,,quote
429,2025-01-21 14:44:39,MSTR,,387.56,,21473922,,quote
430,2025-01-21 14:44:39,NVDA,141.285,141.28,141.29,145200382,2025-01-21 20:44:39,quote
431,2025-01-21 14:44:39,SPY,602.59,602.58,602.6,28028044,2025-01-21 20:44:38,quote
432,2025-01-21 14:44:39,QQQ,524.76,,524.78,18801295,2025-01-21 20:44:38,quote
433,2025-01-21 14:44:39,META,,,617.07,7577393,,quote
434,2025-01-21 14:44:39,AAPL,221.4995,800,,70423694,2025-01-21 20:44:38,quote
435,2025-01-21 14:44:39,TSLA,421.86,421.85,422,76402260,,quote
436,2025-01-21 14:44:40,GS,634.2089,634.08,,4287736,2025-01-21 20:44:38,quote
437,2025-01-21 14:44:40,COIN,296.31,296.11,,10798942,2025-01-21 20:44:38,quote
438,2025-01-21 14:44:40,AMZN,,300,,27720471,,quote
439,2025-01-21 14:44:40,GOOG,,200,,11153370,,quote
440,2025-01-21 14:44:40,COIN,,296.1,,10798952,,quote
441,2025-01-21 14:44:40,GS,634.15,,200,4287959,2025-01-21 20:44:39,quote
442,2025-01-21 14:44:40,NVDA,141.2882,200,,145201590,,quote
443,2025-01-21 14:44:40,NFLX,,,,5043923,,quote
444,2025-01-21 14:44:40,MSTR,,,,21473985,,quote
445,2025-01-21 14:44:40,AAPL,221.5,,,70424385,2025-01-21 20:44:39,quote
446,2025-01-21 14:44:40,GOOG,,100,,11153426,,quote
447,2025-01-21 14:44:40,SPY,602.5846,602.57,602.59,28029563,2025-01-21 20:44:40,quote
448,2025-01-21 14:44:41,TSLA,421.9865,421.86,400,76403719,2025-01-21 20:44:39,quote
449,2025-01-21 14:44:41,QQQ,,524.74,524.77,18801516,,quote
450,2025-01-21 14:44:41,META,,,100,7577414,,quote
451,2025-01-21 14:44:41,AMZN,,200,230.81,27720523,,quote
452,2025-01-21 14:44:41,META,,,800,7577430,,quote
453,2025-01-21 14:44:41,SPY,602.57,602.55,602.58,28030372,,quote
454,2025-01-21 14:44:41,TSLA,421.93,,500,76405127,2025-01-21 20:44:41,quote
455,2025-01-21 14:44:41,NVDA,141.26,141.25,141.27,145208322,2025-01-21 20:44:40,quote
456,2025-01-21 14:44:41,AAPL,221.495,600,,70425190,2025-01-21 20:44:40,quote
457,2025-01-21 14:44:41,COIN,,400,,10799052,,quote
458,2025-01-21 14:44:41,GOOG,,,300,11153543,,quote
459,2025-01-21 14:44:41,AMZN,,230.77,230.8,27720697,,quote
460,2025-01-21 14:44:41,NFLX,868.265,,300,5044607,2025-01-21 20:44:40,quote
461,2025-01-21 14:44:41,QQQ,,524.73,524.76,18801619,2025-01-21 20:44:40,quote
462,2025-01-21 14:44:41,GS,634.04,633.85,700,4291298,2025-01-21 20:44:40,quote
463,2025-01-21 14:44:42,MSTR,388.2435,,,21475407,2025-01-21 20:44:40,quote
464,2025-01-21 14:44:42,COIN,,200,,10799071,,quote
465,2025-01-21 14:44:42,AAPL,221.4904,,400,70426174,2025-01-21 20:44:41,quote
466,2025-01-21 14:44:42,TSLA,421.9676,,421.98,76410834,,quote
467,2025-01-21 14:44:42,NFLX,,400,,5044746,,quote
468,2025-01-21 14:44:42,GOOG,200.165,,,11154067,2025-01-21 20:44:41,quote
469,2025-01-21 14:44:42,AMZN,,,,27720906,,quote
470,2025-01-21 14:44:42,NVDA,100,1400,141.26,145210429,2025-01-21 20:44:41,quote
471,2025-01-21 14:44:43,GS,633.99,633.75,,4292075,2025-01-21 20:44:41,quote
472,2025-01-21 14:44:43,MSTR,388.3099,387.57,,21475596,2025-01-21 20:44:41,quote
473,2025-01-21 14:44:43,META,616.935,400,,7577986,2025-01-21 20:44:41,quote
474,2025-01-21 14:44:43,AMZN,,,300,27721059,,quote
475,2025-01-21 14:44:43,QQQ,,524.74,524.76,18801646,,quote
476,2025-01-21 14:44:43,AAPL,221.495,,600,70426425,2025-01-21 20:44:42,quote
477,2025-01-21 14:44:43,SPY,602.56,1100,602.58,28031781,2025-01-21 20:44:42,quote
478,2025-01-21 14:44:43,TSLA,421.93,700,422,76412917,2025-01-21 20:44:43,quote
479,2025-01-21 14:44:43,MSTR,387.95,387.65,,21475891,2025-01-21 20:44:42,quote
480,2025-01-21 14:44:44,NVDA,141.258,1500,141.27,145214399,2025-01-21 20:44:42,quote
481,2025-01-21 14:44:44,COIN,,,,10799135,,quote
482,2025-01-21 14:44:44,META,,,,7578014,,quote
483,2025-01-21 14:44:44,NFLX,,,,5044758,,quote
484,2025-01-21 14:44:44,GOOG,,,200,11154127,,quote
485,2025-01-21 14:44:44,AAPL,,,,70426563,,quote
486,2025-01-21 14:44:44,QQQ,524.7599,524.75,100,18801748,2025-01-21 20:44:43,quote
487,2025-01-21 14:44:44,NFLX,,,,5044860,,quote
488,2025-01-21 14:44:44,MSTR,387.8668,387.67,,21476527,2025-01-21 20:44:43,quote
489,2025-01-21 14:44:44,META,,,,7578109,,quote
490,2025-01-21 14:44:44,SPY,602.58,900,1400,28032722,2025-01-21 20:44:43,quote
491,2025-01-21 14:44:44,GOOG,,,,11154142,,quote
492,2025-01-21 14:44:44,AMZN,230.77,230.75,230.78,27722188,2025-01-21 20:44:43,quote
493,2025-01-21 14:44:45,TSLA,421.9354,,900,76413449,,quote
494,2025-01-21 14:44:45,NVDA,141.25,,500,145214879,2025-01-21 20:44:43,quote
495,2025-01-21 14:44:45,COIN,,,,10799213,,quote
496,2025-01-21 14:44:45,GS,,,,4292080,,quote
497,2025-01-21 14:44:45,NFLX,,,200,5044882,,quote
498,2025-01-21 14:44:45,GOOG,200.16,500,,11155261,2025-01-21 20:44:44,quote
499,2025-01-21 14:44:45,QQQ,524.74,524.74,700,18804016,2025-01-21 20:44:44,quote
500,2025-01-21 14:44:45,TSLA,421.8658,,422.05,76424040,2025-01-21 20:44:44,quote
501,2025-01-21 14:44:45,GS,,,,4292085,,quote
502,2025-01-21 14:44:45,SPY,,602.56,602.59,28040545,2025-01-21 20:44:44,quote
503,2025-01-21 14:44:45,META,,,,7578160,,quote
504,2025-01-21 14:44:45,AMZN,230.75,,230.79,27722884,2025-01-21 20:44:45,quote
505,2025-01-21 14:44:45,AAPL,221.5,221.5,221.51,70433040,2025-01-21 20:44:44,quote
506,2025-01-21 14:44:45,NVDA,216,141.24,141.26,145220484,2025-01-21 20:44:44,quote
507,2025-01-21 14:44:46,COIN,,300,,10799231,,quote
508,2025-01-21 14:44:46,MSTR,,,,21476544,,quote
509,2025-01-21 14:44:46,AAPL,221.51,400,,70435135,2025-01-21 20:44:45,quote
510,2025-01-21 14:44:46,SPY,602.56,100,602.58,28041591,2025-01-21 20:44:45,quote
511,2025-01-21 14:44:46,META,617.04,,,7578267,2025-01-21 20:44:45,quote
512,2025-01-21 14:44:46,QQQ,524.76,900,524.77,18804229,2025-01-21 20:44:45,quote
513,2025-01-21 14:44:46,MSTR,,100,,21476562,,quote
514,2025-01-21 14:44:46,NFLX,,868.12,,5045042,,quote
515,2025-01-21 14:44:46,GOOG,200.1777,200.17,200.19,11157696,2025-01-21 20:44:45,quote
516,2025-01-21 14:44:46,COIN,,296.11,,10799293,,quote
517,2025-01-21 14:44:46,GS,100,,,4292189,2025-01-21 20:44:46,quote
518,2025-01-21 14:44:46,TSLA,421.8724,200,421.98,76426310,2025-01-21 20:44:45,quote
519,2025-01-21 14:44:46,AMZN,,230.76,230.78,27722925,,quote
520,2025-01-21 14:44:47,NVDA,141.2484,300,141.25,145227717,2025-01-21 20:44:45,quote
521,2025-01-21 14:44:47,META,616.9475,800,100,7578777,2025-01-21 20:44:46,quote
522,2025-01-21 14:44:47,AAPL,221.52,221.51,221.53,70439241,2025-01-21 20:44:46,quote
523,2025-01-21 14:44:47,SPY,602.58,602.57,602.6,28043155,2025-01-21 20:44:46,quote
524,2025-01-21 14:44:47,MSTR,387.65,387.65,388.16,21476791,2025-01-21 20:44:46,quote
525,2025-01-21 14:44:47,COIN,,,,10799344,,quote
526,2025-01-21 14:44:47,AMZN,230.81,230.77,230.81,27724193,2025-01-21 20:44:47,quote
527,2025-01-21 14:44:47,NVDA,141.25,600,100,145231595,2025-01-21 20:44:46,quote
528,2025-01-21 14:44:47,GOOG,200.1771,600,100,11157906,2025-01-21 20:44:46,quote
529,2025-01-21 14:44:47,NFLX,,,,5045271,,quote
530,2025-01-21 14:44:47,TSLA,421.99,421.92,422.08,76429601,2025-01-21 20:44:46,quote
531,2025-01-21 14:44:48,GS,634,633.78,300,4292569,,quote
532,2025-01-21 14:44:48,QQQ,524.78,524.77,524.79,18805828,2025-01-21 20:44:46,quote
533,2025-01-21 14:44:48,AAPL,,1100,200,70439454,2025-01-21 20:44:47,quote
534,2025-01-21 14:44:48,GOOG,,200,200,11157929,,quote
535,2025-01-21 14:44:48,COIN,,296.1,,10799357,,quote
536,2025-01-21 14:44:48,SPY,,100,602.59,28044148,,quote
537,2025-01-21 14:44:48,TSLA,421.905,421.86,421.95,76433582,2025-01-21 20:44:47,quote
538,2025-01-21 14:44:48,NVDA,141.245,500,300,145231999,2025-01-21 20:44:47,quote
539,2025-01-21 14:44:48,MSTR,387.6639,,388.14,21477246,2025-01-21 20:44:47,quote
540,2025-01-21 14:44:48,NFLX,,868.15,,5045539,,quote
541,2025-01-21 14:44:48,AMZN,,300,230.8,27724235,,quote
542,2025-01-21 14:44:48,GS,634.01,100,200,4292819,2025-01-21 20:44:47,quote
543,2025-01-21 14:44:48,QQQ,,524.76,524.78,18805833,,quote
544,2025-01-21 14:44:49,META,617.06,616.94,,7578979,2025-01-21 20:44:47,quote
545,2025-01-21 14:44:49,MSTR,387.67,200,,21477760,2025-01-21 20:44:48,quote
546,2025-01-21 14:44:49,COIN,,200,,10799439,,quote
547,2025-01-21 14:44:49,AAPL,,1300,,70440069,2025-01-21 20:44:48,quote
548,2025-01-21 14:44:49,META,616.955,616.93,,7582203,2025-01-21 20:44:48,quote
549,2025-01-21 14:44:49,GOOG,,600,100,11157984,,quote
550,2025-01-21 14:44:49,GS,,,,4292822,,quote
551,2025-01-21 14:44:49,SPY,602.575,200,,28044511,2025-01-21 20:44:48,quote
552,2025-01-21 14:44:49,TSLA,421.95,700,422,76435098,2025-01-21 20:44:48,quote
553,2025-01-21 14:44:49,NVDA,100,800,100,145234259,2025-01-21 20:44:48,quote
554,2025-01-21 14:44:49,NFLX,,,,5045582,,quote
555,2025-01-21 14:44:49,AMZN,230.8,,,27724578,2025-01-21 20:44:48,quote
556,2025-01-21 14:44:50,QQQ,524.77,1000,524.79,18806910,2025-01-21 20:44:48,quote
557,2025-01-21 14:44:50,AAPL,,1200,300,70443542,2025-01-21 20:44:49,quote
558,2025-01-21 14:44:50,QQQ,,1200,1300,18807040,,quote
559,2025-01-21 14:44:50,SPY,602.5892,602.58,100,28046010,2025-01-21 20:44:49,quote
560,2025-01-21 14:44:50,GS,,,,4292961,,quote
561,2025-01-21 14:44:50,MSTR,387.88,387.8,388.29,21478170,2025-01-21 20:44:49,quote
562,2025-01-21 14:44:50,TSLA,421.9896,421.93,422.04,76436238,2025-01-21 20:44:49,quote
563,2025-01-21 14:44:50,NFLX,,,,5045613,,quote
564,2025-01-21 14:44:50,NVDA,141.246,,,145237593,2025-01-21 20:44:50,quote
565,2025-01-21 14:44:50,META,,,,7582210,,quote
566,2025-01-21 14:44:50,GOOG,,300,200,11158021,,quote
567,2025-01-21 14:44:50,AMZN,,,100,27724731,,quote
568,2025-01-21 14:44:51,COIN,,,,10799474,,quote
569,2025-01-21 14:44:51,NFLX,,,,5045663,,quote
570,2025-01-21 14:44:51,SPY,602.59,602.57,,28047549,2025-01-21 20:44:51,quote
571,2025-01-21 14:44:51,TSLA,422.029,,422.03,76437612,2025-01-21 20:44:51,quote
572,2025-01-21 14:44:51,NVDA,141.24,141.23,141.24,145240841,,quote
573,2025-01-21 14:44:51,GOOG,200.18,600,100,11158478,2025-01-21 20:44:50,quote
574,2025-01-21 14:44:51,QQQ,,900,1400,18807102,,quote
575,2025-01-21 14:44:51,COIN,,300,,,,quote
576,2025-01-21 14:44:51,AMZN,230.785,,200,27724982,2025-01-21 20:44:50,quote
577,2025-01-21 14:44:51,GS,,,,4292967,,quote
578,2025-01-21 14:44:51,MSTR,388.1348,387.97,388.34,21478876,2025-01-21 20:44:50,quote
579,2025-01-21 14:44:52,AAPL,221.5101,900,221.52,70446156,2025-01-21 20:44:50,quote
580,2025-01-21 14:44:52,META,,,200,7582718,,quote
581,2025-01-21 14:44:52,AAPL,221.5258,221.52,221.53,70448189,2025-01-21 20:44:51,quote
582,2025-01-21 14:44:52,QQQ,524.79,524.78,524.8,18807239,2025-01-21 20:44:51,quote
583,2025-01-21 14:44:52,GS,,,,4292993,,quote
584,2025-01-21 14:44:52,SPY,,602.58,602.6,28047573,,quote
585,2025-01-21 14:44:52,TSLA,422.065,421.98,422.19,76441813,,quote
586,2025-01-21 14:44:52,MSTR,387.97,387.78,388.22,21479190,2025-01-21 20:44:51,quote
587,2025-01-21 14:44:52,GOOG,200.19,200.18,200.2,11158723,2025-01-21 20:44:51,quote
588,2025-01-21 14:44:52,META,616.93,616.84,617,7583017,2025-01-21 20:44:51,quote
589,2025-01-21 14:44:52,AMZN,230.8,230.78,230.82,27726979,2025-01-21 20:44:51,quote
590,2025-01-21 14:44:52,NFLX,868.22,200,,5045985,2025-01-21 20:44:51,quote
591,2025-01-21 14:44:52,COIN,,,,10799479,,quote
592,2025-01-21 14:44:53,NVDA,141.2387,1500,,145242396,2025-01-21 20:44:51,quote
593,2025-01-21 14:44:53,NFLX,,,,5046245,,quote
594,2025-01-21 14:44:53,SPY,,100,,28048117,2025-01-21 20:44:52,quote
595,2025-01-21 14:44:53,GOOG,,1100,,11158733,,quote
596,2025-01-21 14:44:53,GS,,,700,4293106,,quote
597,2025-01-21 14:44:53,QQQ,,524.77,524.79,18809233,2025-01-21 20:44:53,quote
598,2025-01-21 14:44:53,TSLA,421.86,421.86,422.06,76450019,2025-01-21 20:44:53,quote
599,2025-01-21 14:44:53,MSTR,388.0481,387.8,388.34,21480124,2025-01-21 20:44:53,quote
600,2025-01-21 14:44:53,AMZN,230.79,230.77,230.8,27727269,2025-01-21 20:44:52,quote
601,2025-01-21 14:44:53,NVDA,141.24,1600,,145243254,2025-01-21 20:44:52,quote
602,2025-01-21 14:44:54,AAPL,221.53,1000,300,70451630,2025-01-21 20:44:52,quote
603,2025-01-21 14:44:54,META,616.92,,,7583423,2025-01-21 20:44:52,quote
604,2025-01-21 14:44:54,META,,,,7583433,,quote
605,2025-01-21 14:44:54,GOOG,,1000,1000,11158988,,quote
606,2025-01-21 14:44:54,QQQ,,524.76,1300,18809345,,quote
607,2025-01-21 14:44:54,AMZN,230.8,,300,27727407,2025-01-21 20:44:53,quote
608,2025-01-21 14:44:54,NFLX,868.44,,868.43,5049442,2025-01-21 20:44:53,quote
609,2025-01-21 14:44:54,AAPL,221.54,221.53,221.55,70454292,2025-01-21 20:44:54,quote
610,2025-01-21 14:44:54,NVDA,141.23,141.22,141.23,145253823,2025-01-21 20:44:53,quote
611,2025-01-21 14:44:55,MSTR,387.9,,,21480305,,quote
612,2025-01-21 14:44:55,TSLA,421.972,421.85,421.98,76451294,,quote
613,2025-01-21 14:44:55,SPY,300,,602.59,28048785,2025-01-21 20:44:53,quote
614,2025-01-21 14:44:55,COIN,,296.16,296.33,,,quote
615,2025-01-21 14:44:55,GS,,,300,4293205,,quote
616,2025-01-21 14:44:55,META,,,,7583445,,quote
617,2025-01-21 14:44:55,AAPL,,300,221.54,70454661,,quote
618,2025-01-21 14:44:55,GS,634.115,200,700,4294205,2025-01-21 20:44:54,quote
619,2025-01-21 14:44:55,SPY,602.585,300,900,28051164,2025-01-21 20:44:54,quote
620,2025-01-21 14:44:55,TSLA,421.99,421.84,421.99,76453563,2025-01-21 20:44:55,quote
621,2025-01-21 14:44:55,MSTR,388,387.79,388.29,21480957,2025-01-21 20:44:55,quote
622,2025-01-21 14:44:55,NFLX,868.29,,868.42,5049849,2025-01-21 20:44:54,quote
623,2025-01-21 14:44:55,QQQ,,900,1000,18809351,,quote
624,2025-01-21 14:44:55,AMZN,230.785,,,27727562,2025-01-21 20:44:54,quote
625,2025-01-21 14:44:56,NVDA,141.225,,300,145254240,2025-01-21 20:44:54,quote
626,2025-01-21 14:44:56,COIN,,296.17,296.5,10799755,,quote
627,2025-01-21 14:44:56,GOOG,,,1100,11159042,,quote
628,2025-01-21 14:44:56,AAPL,221.535,200,300,70455020,2025-01-21 20:44:55,quote
629,2025-01-21 14:44:56,TSLA,421.9587,421.92,,76455402,2025-01-21 20:44:56,quote
630,2025-01-21 14:44:56,MSTR,,387.81,,21480962,,quote
631,2025-01-21 14:44:56,AMZN,,,230.78,27727788,,quote
632,2025-01-21 14:44:56,NVDA,141.22,141.21,700,145259491,2025-01-21 20:44:55,quote
633,2025-01-21 14:44:56,META,,,,7583470,,quote
634,2025-01-21 14:44:56,QQQ,,,,18809394,,quote
635,2025-01-21 14:44:56,GOOG,,1100,1300,11159127,,quote
636,2025-01-21 14:44:56,GS,,,,4294243,,quote
637,2025-01-21 14:44:56,NFLX,,,,5049920,,quote
638,2025-01-21 14:44:56,SPY,200,,100,28051926,2025-01-21 20:44:55,quote
639,2025-01-21 14:44:57,COIN,296.2271,296.18,296.36,10800564,2025-01-21 20:44:55,quote
640,2025-01-21 14:44:57,AAPL,,1000,400,70455392,2025-01-21 20:44:56,quote
641,2025-01-21 14:44:57,AMZN,,,,27727944,,quote
642,2025-01-21 14:44:57,COIN,,,,10800568,,quote
643,2025-01-21 14:44:57,META,,,,7583476,,quote
644,2025-01-21 14:44:57,NVDA,,1900,141.22,145261394,2025-01-21 20:44:56,quote
645,2025-01-21 14:44:57,GS,,100,,4294394,,quote
646,2025-01-21 14:44:57,MSTR,387.9532,387.79,,21481633,2025-01-21 20:44:56,quote
647,2025-01-21 14:44:57,SPY,602.57,602.56,602.57,28054785,2025-01-21 20:44:56,quote
648,2025-01-21 14:44:57,GOOG,,1000,200.19,11159129,,quote
649,2025-01-21 14:44:57,TSLA,,421.84,,76455583,,quote
650,2025-01-21 14:44:58,QQQ,524.7445,524.75,524.78,18811103,2025-01-21 20:44:56,quote
651,2025-01-21 14:44:58,NFLX,,400,,5050033,,quote
652,2025-01-21 14:44:58,AAPL,221.54,221.54,221.56,70457146,2025-01-21 20:44:57,quote
653,2025-01-21 14:44:58,QQQ,,524.77,524.79,18811207,,quote
654,2025-01-21 14:44:58,META,616.85,400,,7584016,2025-01-21 20:44:57,quote
655,2025-01-21 14:44:58,GS,634.005,200,,4295033,2025-01-21 20:44:57,quote
656,2025-01-21 14:44:58,NFLX,,,,5050047,,quote
657,2025-01-21 14:44:58,TSLA,421.9899,700,,76457540,2025-01-21 20:44:58,quote
658,2025-01-21 14:44:58,NVDA,141.23,141.22,141.24,145266281,2025-01-21 20:44:57,quote
659,2025-01-21 14:44:58,MSTR,,387.8,,21481696,,quote
660,2025-01-21 14:44:58,AMZN,,,230.79,27728058,,quote
661,2025-01-21 14:44:58,COIN,,296.21,,10800569,,quote
662,2025-01-21 14:44:59,GOOG,,,200.2,11159287,2025-01-21 20:44:57,quote
663,2025-01-21 14:44:59,SPY,,900,602.58,28066041,2025-01-21 20:44:57,quote
664,2025-01-21 14:44:59,NFLX,,,,5050073,,quote
665,2025-01-21 14:44:59,AMZN,230.77,,,27729165,2025-01-21 20:44:58,quote
666,2025-01-21 14:44:59,COIN,,,,10800651,,quote
667,2025-01-21 14:44:59,GOOG,,,,11159298,,quote
668,2025-01-21 14:44:59,GS,,,,4295045,,quote
669,2025-01-21 14:44:59,TSLA,421.9713,100,421.92,76457824,,quote
670,2025-01-21 14:44:59,SPY,602.565,300,602.57,28067920,2025-01-21 20:44:58,quote
671,2025-01-21 14:44:59,AAPL,221.55,900,300,70457929,2025-01-21 20:44:58,quote
672,2025-01-21 14:44:59,NVDA,141.2201,400,1300,145267299,2025-01-21 20:44:58,quote
673,2025-01-21 14:45:00,QQQ,524.76,524.76,1200,18812215,2025-01-21 20:44:58,quote
674,2025-01-21 14:45:00,META,,,,7584096,,quote
675,2025-01-21 14:45:00,MSTR,388.0315,387.79,,21481965,2025-01-21 20:44:58,quote
676,2025-01-21 14:45:00,AAPL,221.555,221.55,,70461445,2025-01-21 20:45:00,quote
677,2025-01-21 14:45:00,META,616.92,,,7584230,2025-01-21 20:44:59,quote
678,2025-01-21 14:45:00,GOOG,,,,11159323,,quote
679,2025-01-21 14:45:00,GS,,,,4295046,,quote
680,2025-01-21 14:45:00,AMZN,,,,27729177,,quote
681,2025-01-21 14:45:00,NFLX,,300,,5050131,,quote
682,2025-01-21 14:45:00,QQQ,524.79,524.78,524.8,18812833,2025-01-21 20:45:00,quote
683,2025-01-21 14:45:00,MSTR,387.95,387.81,388.34,21482636,2025-01-21 20:44:59,quote
684,2025-01-21 14:45:00,COIN,,,,10800686,,quote
685,2025-01-21 14:45:00,TSLA,421.9499,,421.95,76459614,2025-01-21 20:44:59,quote
686,2025-01-21 14:45:01,NVDA,141.225,200,141.23,145268878,2025-01-21 20:45:00,quote
687,2025-01-21 14:45:01,SPY,602.57,602.57,602.59,28069504,2025-01-21 20:45:00,quote
688,2025-01-21 14:45:01,COIN,,,,10800780,,quote
689,2025-01-21 14:45:01,SPY,602.55,602.55,602.56,28071997,,quote
690,2025-01-21 14:45:01,QQQ,524.77,524.76,524.78,18815764,,quote
691,2025-01-21 14:45:01,TSLA,421.8501,421.85,421.93,76461569,2025-01-21 20:45:00,quote
692,2025-01-21 14:45:01,MSTR,388.1046,,,21483036,2025-01-21 20:45:00,quote
693,2025-01-21 14:45:01,AAPL,221.55,221.54,,70462232,,quote
694,2025-01-21 14:45:01,GOOG,200.195,200.19,200,11161891,2025-01-21 20:45:00,quote
695,2025-01-21 14:45:01,GS,633.99,,634.2,4295734,2025-01-21 20:45:00,quote
696,2025-01-21 14:45:01,NVDA,,,,145287657,,quote
697,2025-01-21 14:45:01,META,,,,7584324,,quote
698,2025-01-21 14:45:02,NFLX,868.405,,,5050578,2025-01-21 20:45:00,quote
699,2025-01-21 14:45:02,AMZN,230.78,,,27729487,2025-01-21 20:45:00,quote
700,2025-01-21 14:45:02,GOOG,,,,11161894,,quote
701,2025-01-21 14:45:02,TSLA,421.86,300,421.94,76467142,2025-01-21 20:45:01,quote
702,2025-01-21 14:45:02,AAPL,221.555,221.55,100,70463755,2025-01-21 20:45:01,quote
703,2025-01-21 14:45:02,GS,,633.83,634,4297183,2025-01-21 20:45:01,quote
704,2025-01-21 14:45:02,MSTR,388.02,,,21483669,2025-01-21 20:45:01,quote
705,2025-01-21 14:45:02,QQQ,,,,18815801,,quote
706,2025-01-21 14:45:02,SPY,602.535,602.53,602.54,28073092,2025-01-21 20:45:01,quote
707,2025-01-21 14:45:03,AMZN,230.77,230.75,230.78,27731142,2025-01-21 20:45:01,quote
708,2025-01-21 14:45:03,NFLX,,,,5050790,,quote
709,2025-01-21 14:45:03,COIN,,,,10800827,,quote
710,2025-01-21 14:45:03,META,,,616.95,7584372,,quote
711,2025-01-21 14:45:03,NVDA,,,200,145293231,2025-01-21 20:45:01,quote
712,2025-01-21 14:45:03,NFLX,,,,5051159,,quote
713,2025-01-21 14:45:03,AAPL,221.57,221.56,221.58,70465251,2025-01-21 20:45:02,quote
714,2025-01-21 14:45:03,SPY,602.52,602.51,602.53,28074983,2025-01-21 20:45:02,quote
715,2025-01-21 14:45:03,QQQ,524.7516,524.74,524.77,18816840,2025-01-21 20:45:02,quote
716,2025-01-21 14:45:03,MSTR,388.77,388.37,388.94,21486368,2025-01-21 20:45:02,quote
717,2025-01-21 14:45:03,AMZN,230.76,,230.77,27731443,2025-01-21 20:45:02,quote
718,2025-01-21 14:45:03,NVDA,141.23,400,500,145295737,2025-01-21 20:45:02,quote
719,2025-01-21 14:45:03,GOOG,200.19,200.18,200.19,11163655,2025-01-21 20:45:02,quote
720,2025-01-21 14:45:03,META,616.93,,,7584739,2025-01-21 20:45:02,quote
721,2025-01-21 14:45:03,TSLA,421.895,,,76467737,2025-01-21 20:45:02,quote
